id,pic,line,x0,y0,x1,y1,w0,c_gray,red,green,blue,alpha
0,1,1,132,168,131,171,8.537297,0,0,0,0,0
1,1,1,131,171,128,168,12.00354,0,0,0,0,0
2,1,1,128,168,128,169,12.736052,0,0,0,0,0
3,1,1,128,169,127,169,13.561348,0,0,0,0,0
4,1,1,127,169,127,170,13.819192,0,0,0,0,0
5,1,1,127,170,127,170,13.89049,0,0,0,0,0
6,1,1,127,170,127,170,13.909046,0,0,0,0,0
7,1,1,127,170,128,170,13.935417,0,0,0,0,0
8,1,1,128,170,130,170,14.001831,0,0,0,0,0
9,1,1,130,170,134,170,14.065315,0,0,0,0,0
10,1,1,134,170,140,170,14.096569,0,0,0,0,0
11,1,1,140,170,149,170,14.182518,0,0,0,0,0
12,1,1,149,170,156,169,14.342693,0,0,0,0,0
13,1,1,156,169,170,169,14.408131,0,0,0,0,0
14,1,1,170,169,182,168,14.530216,0,0,0,0,0
15,1,1,182,168,192,167,14.536076,0,0,0,0,0
16,1,1,192,167,200,167,14.545843,0,0,0,0,0
17,1,1,200,167,206,167,14.55561,0,0,0,0,0
18,1,1,206,167,213,168,14.565376,0,0,0,0,0
19,1,1,213,168,221,167,14.591747,0,0,0,0,0
20,1,1,221,167,231,165,14.61421,0,0,0,0,0
21,1,1,231,165,242,163,14.619094,0,0,0,0,0
22,1,1,242,163,251,162,14.617141,0,0,0,0,0
23,1,1,251,162,259,161,14.610304,0,0,0,0,0
24,1,1,259,161,268,159,14.620071,0,0,0,0,0
25,1,1,268,159,274,158,14.595654,0,0,0,0,0
26,1,1,274,158,284,156,14.613234,0,0,0,0,0
27,1,1,284,156,301,152,14.612257,0,0,0,0,0
28,1,1,301,152,303,151,14.620071,0,0,0,0,0
29,1,1,303,151,313,149,14.633744,0,0,0,0,0
30,1,1,313,149,325,148,14.624954,0,0,0,0,0
31,1,1,325,148,336,146,14.651325,0,0,0,0,0
32,1,1,336,146,343,144,14.657185,0,0,0,0,0
33,1,1,343,144,349,142,14.717739,0,0,0,0,0
34,1,1,349,142,356,139,14.726529,0,0,0,0,0
35,1,1,356,139,362,138,14.741179,0,0,0,0,0
36,1,1,362,138,368,136,14.76169,0,0,0,0,0
37,1,1,368,136,372,134,14.748016,0,0,0,0,0
38,1,1,372,134,375,133,14.734343,0,0,0,0,0
39,1,1,375,133,377,132,14.7587595,0,0,0,0,0
40,1,1,377,132,379,130,14.7499695,0,0,0,0,0
41,1,1,379,130,381,129,14.6991825,0,0,0,0,0
42,1,1,381,129,382,129,14.107313,0,0,0,0,0
43,1,1,382,129,380,128,9.685875,0,0,0,0,0
44,1,1,380,128,374,129,7.0,0,0,0,0,0
45,1,2,255,58,255,59,7.469784,0,0,0,0,0
46,1,2,255,59,255,59,7.8907337,0,0,0,0,0
47,1,2,255,59,255,60,8.13588,0,0,0,0,0
48,1,2,255,60,254,58,8.308754,0,0,0,0,0
49,1,2,254,58,254,59,8.554877,0,0,0,0,0
50,1,2,254,59,254,58,8.654499,0,0,0,0,0
51,1,2,254,58,254,58,8.993407,0,0,0,0,0
52,1,2,254,58,254,57,9.397754,0,0,0,0,0
53,1,2,254,57,254,56,9.629227,0,0,0,0,0
54,1,2,254,56,254,56,10.057991,0,0,0,0,0
55,1,2,254,56,255,57,10.326578,0,0,0,0,0
56,1,2,255,57,254,60,10.393969,0,0,0,0,0
57,1,2,254,60,254,63,10.472103,0,0,0,0,0
58,1,2,254,63,254,68,10.573679,0,0,0,0,0
59,1,2,254,68,254,73,10.906727,0,0,0,0,0
60,1,2,254,73,254,79,11.34428,0,0,0,0,0
61,1,2,254,79,254,85,11.431205,0,0,0,0,0
62,1,2,254,85,252,93,11.893175,0,0,0,0,0
63,1,2,252,93,251,101,12.170553,0,0,0,0,0
64,1,2,251,101,250,109,12.193016,0,0,0,0,0
65,1,2,250,109,250,115,12.249664,0,0,0,0,0
66,1,2,250,115,251,126,12.317055,0,0,0,0,0
67,1,2,251,126,252,136,12.388353,0,0,0,0,0
68,1,2,252,136,250,141,12.552435,0,0,0,0,0
69,1,2,250,141,248,150,12.741912,0,0,0,0,0
70,1,2,248,150,246,158,12.894274,0,0,0,0,0
71,1,2,246,158,246,165,13.385546,0,0,0,0,0
72,1,2,246,165,246,171,13.664876,0,0,0,0,0
73,1,2,246,171,246,179,13.988157,0,0,0,0,0
74,1,2,246,179,244,190,14.2167015,0,0,0,0,0
75,1,2,244,190,243,200,14.312416,0,0,0,0,0
76,1,2,243,200,242,209,14.429618,0,0,0,0,0
77,1,2,242,209,242,217,14.518496,0,0,0,0,0
78,1,2,242,217,241,224,14.606398,0,0,0,0,0
79,1,2,241,224,239,230,14.806617,0,0,0,0,0
80,1,2,239,230,237,237,14.913075,0,0,0,0,0
81,1,2,237,237,235,244,15.0,0,0,0,0,0
82,1,2,235,244,233,252,15.0,0,0,0,0,0
83,1,2,233,252,233,260,15.0,0,0,0,0,0
84,1,2,233,260,232,267,15.0,0,0,0,0,0
85,1,2,232,267,231,274,15.0,0,0,0,0,0
86,1,2,231,274,231,280,15.0,0,0,0,0,0
87,1,2,231,280,230,287,15.0,0,0,0,0,0
88,1,2,230,287,229,293,15.0,0,0,0,0,0
89,1,2,229,293,228,299,15.0,0,0,0,0,0
90,1,2,228,299,226,305,15.0,0,0,0,0,0
91,1,2,226,305,222,312,15.0,0,0,0,0,0
92,1,2,222,312,220,319,15.0,0,0,0,0,0
93,1,2,220,319,219,326,15.0,0,0,0,0,0
94,1,2,219,326,218,331,15.0,0,0,0,0,0
95,1,2,218,331,217,337,15.0,0,0,0,0,0
96,1,2,217,337,217,344,15.0,0,0,0,0,0
97,1,2,217,344,216,350,15.0,0,0,0,0,0
98,1,2,216,350,213,358,15.0,0,0,0,0,0
99,1,2,213,358,211,362,15.0,0,0,0,0,0
100,1,2,211,362,209,366,15.0,0,0,0,0,0
101,1,2,209,366,207,369,15.0,0,0,0,0,0
102,1,2,207,369,205,375,15.0,0,0,0,0,0
103,1,2,205,375,204,379,15.0,0,0,0,0,0
104,1,2,204,379,202,386,15.0,0,0,0,0,0
105,1,2,202,386,202,394,15.0,0,0,0,0,0
106,1,2,202,394,201,398,15.0,0,0,0,0,0
107,1,2,201,398,200,402,15.0,0,0,0,0,0
108,1,2,200,402,198,406,15.0,0,0,0,0,0
109,1,2,198,406,194,408,15.0,0,0,0,0,0
110,1,2,194,408,190,411,15.0,0,0,0,0,0
111,1,2,190,411,184,416,15.0,0,0,0,0,0
112,1,2,184,416,181,419,15.0,0,0,0,0,0
113,1,2,181,419,181,421,14.803687,0,0,0,0,0
114,1,2,181,421,180,422,13.234159,0,0,0,0,0
115,1,2,180,422,178,424,10.976071,0,0,0,0,0
116,1,2,178,424,174,424,7.123062,0,0,0,0,0
117,1,3,346,252,348,250,8.553901,0,0,0,0,0
118,1,3,348,250,348,249,9.352826,0,0,0,0,0
119,1,3,348,249,347,248,10.174215,0,0,0,0,0
120,1,3,347,248,346,246,10.617629,0,0,0,0,0
121,1,3,346,246,345,244,11.919546,0,0,0,0,0
122,1,3,345,244,343,245,12.957758,0,0,0,0,0
123,1,3,343,245,338,249,13.241973,0,0,0,0,0
124,1,3,338,249,330,254,13.399219,0,0,0,0,0
125,1,3,330,254,318,260,13.520327,0,0,0,0,0
126,1,3,318,260,307,269,13.644365,0,0,0,0,0
127,1,3,307,269,293,282,13.965694,0,0,0,0,0
128,1,3,293,282,286,290,14.179587,0,0,0,0,0
129,1,3,286,290,277,300,14.243072,0,0,0,0,0
130,1,3,277,300,266,313,14.322183,0,0,0,0,0
131,1,3,266,313,258,320,14.369063,0,0,0,0,0
132,1,3,258,320,248,329,14.38469,0,0,0,0,0
133,1,3,248,329,237,337,14.398364,0,0,0,0,0
134,1,3,237,337,231,341,14.410084,0,0,0,0,0
135,1,3,231,341,224,346,14.41106,0,0,0,0,0
136,1,3,224,346,214,351,14.402271,0,0,0,0,0
137,1,3,214,351,203,356,14.436455,0,0,0,0,0
138,1,3,203,356,191,362,14.441338,0,0,0,0,0
139,1,3,191,362,177,369,14.436455,0,0,0,0,0
140,1,3,177,369,169,373,14.429618,0,0,0,0,0
141,1,3,169,373,161,377,14.419851,0,0,0,0,0
142,1,3,161,377,151,381,14.427664,0,0,0,0,0
143,1,3,151,381,144,382,14.395433,0,0,0,0,0
144,1,3,144,382,136,384,14.3759,0,0,0,0,0
145,1,3,136,384,126,384,14.316322,0,0,0,0,0
146,1,3,126,384,121,384,14.235258,0,0,0,0,0
147,1,3,121,384,114,383,14.2167015,0,0,0,0,0
148,1,3,114,383,107,383,14.148334,0,0,0,0,0
149,1,3,107,383,103,381,14.065315,0,0,0,0,0
150,1,3,103,381,100,377,14.045782,0,0,0,0,0
151,1,3,100,377,99,370,14.031132,0,0,0,0,0
152,1,3,99,370,98,362,14.031132,0,0,0,0,0
153,1,3,98,362,97,355,14.036015,0,0,0,0,0
154,1,3,97,355,97,347,13.99011,0,0,0,0,0
155,1,3,97,347,100,338,13.961787,0,0,0,0,0
156,1,3,100,338,104,328,13.963741,0,0,0,0,0
157,1,3,104,328,110,318,13.947137,0,0,0,0,0
158,1,3,110,318,115,309,13.971554,0,0,0,0,0
159,1,3,115,309,121,301,13.991088,0,0,0,0,0
160,1,3,121,301,126,293,14.024295,0,0,0,0,0
161,1,3,126,293,132,288,14.026249,0,0,0,0,0
162,1,3,132,288,139,284,14.050665,0,0,0,0,0
163,1,3,139,284,147,281,14.10829,0,0,0,0,0
164,1,3,147,281,157,278,14.243072,0,0,0,0,0
165,1,3,157,278,165,276,14.301672,0,0,0,0,0
166,1,3,165,276,174,275,14.377853,0,0,0,0,0
167,1,3,174,275,183,275,14.395433,0,0,0,0,0
168,1,3,183,275,192,276,14.416922,0,0,0,0,0
169,1,3,192,276,204,278,14.412037,0,0,0,0,0
170,1,3,204,278,216,280,14.463802,0,0,0,0,0
171,1,3,216,280,228,282,14.534122,0,0,0,0,0
172,1,3,228,282,240,285,14.768526,0,0,0,0,0
173,1,3,240,285,254,289,14.97949,0,0,0,0,0
174,1,3,254,289,265,293,15.0,0,0,0,0,0
175,1,3,265,293,275,298,15.0,0,0,0,0,0
176,1,3,275,298,285,304,15.0,0,0,0,0,0
177,1,3,285,304,294,311,15.0,0,0,0,0,0
178,1,3,294,311,304,318,15.0,0,0,0,0,0
179,1,3,304,318,313,325,15.0,0,0,0,0,0
180,1,3,313,325,322,332,15.0,0,0,0,0,0
181,1,3,322,332,330,340,15.0,0,0,0,0,0
182,1,3,330,340,338,348,15.0,0,0,0,0,0
183,1,3,338,348,346,357,15.0,0,0,0,0,0
184,1,3,346,357,353,366,15.0,0,0,0,0,0
185,1,3,353,366,361,376,15.0,0,0,0,0,0
186,1,3,361,376,368,388,15.0,0,0,0,0,0
187,1,3,368,388,374,401,15.0,0,0,0,0,0
188,1,3,374,401,376,407,15.0,0,0,0,0,0
189,1,3,376,407,378,413,15.0,0,0,0,0,0
190,1,3,378,413,379,414,15.0,0,0,0,0,0
191,1,3,379,414,378,415,12.384446,0,0,0,0,0
192,1,3,378,415,374,415,8.536321,0,0,0,0,0
193,1,3,374,415,368,414,7.0,0,0,0,0,0
194,2,1,123,155,123,155,8.770724,0,0,0,0,0
195,2,1,123,155,123,154,9.737638,0,0,0,0,0
196,2,1,123,154,123,153,10.096081,0,0,0,0,0
197,2,1,123,153,122,151,10.811989,0,0,0,0,0
198,2,1,122,151,122,150,11.125504,0,0,0,0,0
199,2,1,122,150,122,148,11.414601,0,0,0,0,0
200,2,1,122,148,122,148,11.606031,0,0,0,0,0
201,2,1,122,148,123,148,11.682213,0,0,0,0,0
202,2,1,123,148,125,149,11.880478,0,0,0,0,0
203,2,1,125,149,128,153,12.079721,0,0,0,0,0
204,2,1,128,153,130,158,12.188133,0,0,0,0,0
205,2,1,130,158,132,165,12.662801,0,0,0,0,0
206,2,1,132,165,133,171,13.172628,0,0,0,0,0
207,2,1,133,171,135,177,13.361128,0,0,0,0,0
208,2,1,135,177,137,183,13.637529,0,0,0,0,0
209,2,1,137,183,142,188,13.831888,0,0,0,0,0
210,2,1,142,188,147,194,14.191307,0,0,0,0,0
211,2,1,147,194,149,201,14.481382,0,0,0,0,0
212,2,1,149,201,149,208,14.525332,0,0,0,0,0
213,2,1,149,208,150,217,14.57905,0,0,0,0,0
214,2,1,150,217,152,224,14.6991825,0,0,0,0,0
215,2,1,152,224,154,232,14.975583,0,0,0,0,0
216,2,1,154,232,159,242,15.0,0,0,0,0,0
217,2,1,159,242,161,250,15.0,0,0,0,0,0
218,2,1,161,250,164,259,15.0,0,0,0,0,0
219,2,1,164,259,167,267,15.0,0,0,0,0,0
220,2,1,167,267,170,276,15.0,0,0,0,0,0
221,2,1,170,276,173,284,15.0,0,0,0,0,0
222,2,1,173,284,176,292,15.0,0,0,0,0,0
223,2,1,176,292,180,299,15.0,0,0,0,0,0
224,2,1,180,299,183,307,15.0,0,0,0,0,0
225,2,1,183,307,186,314,15.0,0,0,0,0,0
226,2,1,186,314,189,323,15.0,0,0,0,0,0
227,2,1,189,323,191,328,15.0,0,0,0,0,0
228,2,1,191,328,193,337,15.0,0,0,0,0,0
229,2,1,193,337,195,346,15.0,0,0,0,0,0
230,2,1,195,346,199,354,15.0,0,0,0,0,0
231,2,1,199,354,203,362,15.0,0,0,0,0,0
232,2,1,203,362,207,369,15.0,0,0,0,0,0
233,2,1,207,369,209,376,15.0,0,0,0,0,0
234,2,1,209,376,212,384,15.0,0,0,0,0,0
235,2,1,212,384,215,391,15.0,0,0,0,0,0
236,2,1,215,391,217,397,15.0,0,0,0,0,0
237,2,1,217,397,219,403,15.0,0,0,0,0,0
238,2,1,219,403,221,410,15.0,0,0,0,0,0
239,2,1,221,410,224,416,15.0,0,0,0,0,0
240,2,1,224,416,227,421,15.0,0,0,0,0,0
241,2,1,227,421,230,426,15.0,0,0,0,0,0
242,2,1,230,426,232,430,15.0,0,0,0,0,0
243,2,1,232,430,234,434,15.0,0,0,0,0,0
244,2,1,234,434,235,437,15.0,0,0,0,0,0
245,2,1,235,437,236,440,15.0,0,0,0,0,0
246,2,1,236,440,236,442,15.0,0,0,0,0,0
247,2,1,236,442,237,443,15.0,0,0,0,0,0
248,2,1,237,443,237,443,15.0,0,0,0,0,0
249,2,1,237,443,237,445,15.0,0,0,0,0,0
250,2,1,237,445,237,443,15.0,0,0,0,0,0
251,2,1,237,443,237,442,15.0,0,0,0,0,0
252,2,1,237,442,236,441,15.0,0,0,0,0,0
253,2,1,236,441,238,436,15.0,0,0,0,0,0
254,2,1,238,436,242,431,15.0,0,0,0,0,0
255,2,1,242,431,248,424,15.0,0,0,0,0,0
256,2,1,248,424,255,418,15.0,0,0,0,0,0
257,2,1,255,418,264,411,15.0,0,0,0,0,0
258,2,1,264,411,275,404,15.0,0,0,0,0,0
259,2,1,275,404,281,401,15.0,0,0,0,0,0
260,2,1,281,401,283,400,15.0,0,0,0,0,0
261,2,1,283,400,283,399,15.0,0,0,0,0,0
262,2,1,283,399,279,398,10.861799,0,0,0,0,0
263,2,1,279,398,270,394,7.524478,0,0,0,0,0
264,2,2,250,140,249,141,8.067513,0,0,0,0,0
265,2,2,249,141,250,141,9.255158,0,0,0,0,0
266,2,2,250,141,250,140,10.04041,0,0,0,0,0
267,2,2,250,140,250,140,10.524844,0,0,0,0,0
268,2,2,250,140,252,140,11.4692955,0,0,0,0,0
269,2,2,252,140,253,142,11.890245,0,0,0,0,0
270,2,2,253,142,255,148,13.292761,0,0,0,0,0
271,2,2,255,148,258,157,14.046759,0,0,0,0,0
272,2,2,258,157,262,167,14.339764,0,0,0,0,0
273,2,2,262,167,264,177,14.662067,0,0,0,0,0
274,2,2,264,177,267,189,14.860334,0,0,0,0,0
275,2,2,267,189,271,200,15.0,0,0,0,0,0
276,2,2,271,200,276,209,15.0,0,0,0,0,0
277,2,2,276,209,281,220,15.0,0,0,0,0,0
278,2,2,281,220,284,230,15.0,0,0,0,0,0
279,2,2,284,230,285,241,15.0,0,0,0,0,0
280,2,2,285,241,287,252,15.0,0,0,0,0,0
281,2,2,287,252,289,261,15.0,0,0,0,0,0
282,2,2,289,261,291,268,15.0,0,0,0,0,0
283,2,2,291,268,292,273,15.0,0,0,0,0,0
284,2,2,292,273,294,277,15.0,0,0,0,0,0
285,2,2,294,277,295,281,15.0,0,0,0,0,0
286,2,2,295,281,297,286,15.0,0,0,0,0,0
287,2,2,297,286,299,291,15.0,0,0,0,0,0
288,2,2,299,291,301,296,15.0,0,0,0,0,0
289,2,2,301,296,302,301,15.0,0,0,0,0,0
290,2,2,302,301,303,305,15.0,0,0,0,0,0
291,2,2,303,305,304,308,15.0,0,0,0,0,0
292,2,2,304,308,306,309,15.0,0,0,0,0,0
293,2,2,306,309,306,308,14.836894,0,0,0,0,0
294,2,2,306,308,301,305,8.772677,0,0,0,0,0
295,2,2,301,305,296,303,7.0,0,0,0,0,0
296,3,1,175,104,175,105,9.637041,0,0,0,0,0
297,3,1,175,105,176,103,10.029667,0,0,0,0,0
298,3,1,176,103,177,100,10.639116,0,0,0,0,0
299,3,1,177,100,178,98,11.030766,0,0,0,0,0
300,3,1,178,98,179,97,11.3481865,0,0,0,0,0
301,3,1,179,97,180,96,12.054328,0,0,0,0,0
302,3,1,180,96,181,98,12.753632,0,0,0,0,0
303,3,1,181,98,182,100,12.948969,0,0,0,0,0
304,3,1,182,100,186,102,13.311317,0,0,0,0,0
305,3,1,186,102,188,104,13.632646,0,0,0,0,0
306,3,1,188,104,192,108,13.700037,0,0,0,0,0
307,3,1,192,108,196,112,13.780125,0,0,0,0,0
308,3,1,196,112,199,117,13.799658,0,0,0,0,0
309,3,1,199,117,201,123,13.794775,0,0,0,0,0
310,3,1,201,123,204,128,13.812355,0,0,0,0,0
311,3,1,204,128,207,133,13.776218,0,0,0,0,0
312,3,1,207,133,211,137,13.836772,0,0,0,0,0
313,3,1,211,137,217,140,13.918814,0,0,0,0,0
314,3,1,217,140,223,143,13.9061165,0,0,0,0,0
315,3,1,223,143,228,147,13.912953,0,0,0,0,0
316,3,1,228,147,232,152,13.93151,0,0,0,0,0
317,3,1,232,152,237,155,14.055549,0,0,0,0,0
318,3,1,237,155,245,159,14.177633,0,0,0,0,0
319,3,1,245,159,251,161,14.192284,0,0,0,0,0
320,3,1,251,161,256,164,14.14931,0,0,0,0,0
321,3,1,256,164,259,165,13.912953,0,0,0,0,0
322,3,1,259,165,261,167,13.312294,0,0,0,0,0
323,3,1,261,167,261,167,10.311928,0,0,0,0,0
324,3,1,261,167,258,164,7.9405446,0,0,0,0,0
325,3,2,116,294,119,294,8.758027,0,0,0,0,0
326,3,2,119,294,125,291,9.640947,0,0,0,0,0
327,3,2,125,291,130,285,11.784763,0,0,0,0,0
328,3,2,130,285,137,280,13.600415,0,0,0,0,0
329,3,2,137,280,147,273,14.252838,0,0,0,0,0
330,3,2,147,273,153,269,15.0,0,0,0,0,0
331,3,2,153,269,164,264,15.0,0,0,0,0,0
332,3,2,164,264,182,257,15.0,0,0,0,0,0
333,3,2,182,257,199,251,15.0,0,0,0,0,0
334,3,2,199,251,216,246,15.0,0,0,0,0,0
335,3,2,216,246,231,241,15.0,0,0,0,0,0
336,3,2,231,241,244,237,15.0,0,0,0,0,0
337,3,2,244,237,257,234,15.0,0,0,0,0,0
338,3,2,257,234,270,231,15.0,0,0,0,0,0
339,3,2,270,231,287,229,15.0,0,0,0,0,0
340,3,2,287,229,301,228,15.0,0,0,0,0,0
341,3,2,301,228,315,228,15.0,0,0,0,0,0
342,3,2,315,228,325,229,15.0,0,0,0,0,0
343,3,2,325,229,332,230,15.0,0,0,0,0,0
344,3,2,332,230,337,233,15.0,0,0,0,0,0
345,3,2,337,233,339,236,15.0,0,0,0,0,0
346,3,2,339,236,342,241,15.0,0,0,0,0,0
347,3,2,342,241,342,247,15.0,0,0,0,0,0
348,3,2,342,247,342,254,15.0,0,0,0,0,0
349,3,2,342,254,340,261,15.0,0,0,0,0,0
350,3,2,340,261,337,270,15.0,0,0,0,0,0
351,3,2,337,270,333,280,15.0,0,0,0,0,0
352,3,2,333,280,330,291,15.0,0,0,0,0,0
353,3,2,330,291,326,301,15.0,0,0,0,0,0
354,3,2,326,301,323,311,15.0,0,0,0,0,0
355,3,2,323,311,320,324,15.0,0,0,0,0,0
356,3,2,320,324,316,333,15.0,0,0,0,0,0
357,3,2,316,333,311,341,15.0,0,0,0,0,0
358,3,2,311,341,304,349,15.0,0,0,0,0,0
359,3,2,304,349,294,358,15.0,0,0,0,0,0
360,3,2,294,358,280,367,15.0,0,0,0,0,0
361,3,2,280,367,268,376,15.0,0,0,0,0,0
362,3,2,268,376,255,384,15.0,0,0,0,0,0
363,3,2,255,384,244,391,15.0,0,0,0,0,0
364,3,2,244,391,234,399,15.0,0,0,0,0,0
365,3,2,234,399,227,404,15.0,0,0,0,0,0
366,3,2,227,404,217,411,15.0,0,0,0,0,0
367,3,2,217,411,207,417,15.0,0,0,0,0,0
368,3,2,207,417,199,422,15.0,0,0,0,0,0
369,3,2,199,422,192,428,15.0,0,0,0,0,0
370,3,2,192,428,188,431,15.0,0,0,0,0,0
371,3,2,188,431,185,434,15.0,0,0,0,0,0
372,3,2,185,434,182,436,15.0,0,0,0,0,0
373,3,2,182,436,180,438,15.0,0,0,0,0,0
374,3,2,180,438,179,439,15.0,0,0,0,0,0
375,3,2,179,439,176,439,15.0,0,0,0,0,0
376,3,2,176,439,174,439,15.0,0,0,0,0,0
377,3,2,174,439,172,439,15.0,0,0,0,0,0
378,3,2,172,439,170,439,15.0,0,0,0,0,0
379,3,2,170,439,169,439,15.0,0,0,0,0,0
380,3,2,169,439,167,439,15.0,0,0,0,0,0
381,3,2,167,439,166,439,15.0,0,0,0,0,0
382,3,2,166,439,165,439,15.0,0,0,0,0,0
383,3,2,165,439,165,439,15.0,0,0,0,0,0
384,3,2,165,439,165,439,15.0,0,0,0,0,0
385,3,2,165,439,164,440,15.0,0,0,0,0,0
386,3,2,164,440,162,440,15.0,0,0,0,0,0
387,3,2,162,440,160,442,15.0,0,0,0,0,0
388,3,2,160,442,159,443,15.0,0,0,0,0,0
389,3,2,159,443,158,443,15.0,0,0,0,0,0
390,3,2,158,443,158,444,15.0,0,0,0,0,0
391,3,2,158,444,158,444,15.0,0,0,0,0,0
392,3,2,158,444,158,443,15.0,0,0,0,0,0
393,3,2,158,443,158,443,14.174704,0,0,0,0,0
394,3,2,158,443,157,438,11.106947,0,0,0,0,0
395,3,2,157,438,153,434,7.0,0,0,0,0,0
396,4,1,156,65,155,66,7.966915,0,0,0,0,0
397,4,1,155,66,155,66,8.09779,0,0,0,0,0
398,4,1,155,66,155,66,8.505067,0,0,0,0,0
399,4,1,155,66,155,65,8.970943,0,0,0,0,0
400,4,1,155,65,156,64,9.824564,0,0,0,0,0
401,4,1,156,64,156,63,10.2376995,0,0,0,0,0
402,4,1,156,63,156,62,10.636187,0,0,0,0,0
403,4,1,156,62,156,62,10.778782,0,0,0,0,0
404,4,1,156,62,156,62,10.94091,0,0,0,0,0
405,4,1,156,62,158,62,11.423391,0,0,0,0,0
406,4,1,158,62,162,62,11.819924,0,0,0,0,0
407,4,1,162,62,169,64,11.945916,0,0,0,0,0
408,4,1,169,64,176,66,12.363935,0,0,0,0,0
409,4,1,176,66,184,71,12.498718,0,0,0,0,0
410,4,1,184,71,192,77,12.986082,0,0,0,0,0
411,4,1,192,77,199,82,13.499817,0,0,0,0,0
412,4,1,199,82,209,89,13.657063,0,0,0,0,0
413,4,1,209,89,217,93,14.13759,0,0,0,0,0
414,4,1,217,93,232,100,14.390551,0,0,0,0,0
415,4,1,232,100,242,107,14.619094,0,0,0,0,0
416,4,1,242,107,250,115,14.681602,0,0,0,0,0
417,4,1,250,115,256,123,14.693321,0,0,0,0,0
418,4,1,256,123,264,130,14.690392,0,0,0,0,0
419,4,1,264,130,271,133,14.706018,0,0,0,0,0
420,4,1,271,133,277,135,14.706995,0,0,0,0,0
421,4,1,277,135,280,136,14.606398,0,0,0,0,0
422,4,1,280,136,282,138,14.243072,0,0,0,0,0
423,4,1,282,138,284,140,13.604322,0,0,0,0,0
424,4,1,284,140,286,142,11.32084,0,0,0,0,0
425,4,1,286,142,286,142,8.881089,0,0,0,0,0
426,4,1,286,142,279,142,7.0,0,0,0,0,0
427,4,2,102,259,101,260,8.802955,0,0,0,0,0
428,4,2,101,260,102,261,9.283482,0,0,0,0,0
429,4,2,102,261,101,260,10.686974,0,0,0,0,0
430,4,2,101,260,101,260,11.875595,0,0,0,0,0
431,4,2,101,260,102,259,12.19497,0,0,0,0,0
432,4,2,102,259,105,258,13.019289,0,0,0,0,0
433,4,2,105,258,114,255,13.273227,0,0,0,0,0
434,4,2,114,255,129,249,13.787938,0,0,0,0,0
435,4,2,129,249,147,244,14.1219635,0,0,0,0,0
436,4,2,147,244,166,238,14.210841,0,0,0,0,0
437,4,2,166,238,185,233,14.232328,0,0,0,0,0
438,4,2,185,233,203,228,14.257722,0,0,0,0,0
439,4,2,203,228,218,223,14.277256,0,0,0,0,0
440,4,2,218,223,229,220,14.277256,0,0,0,0,0
441,4,2,229,220,235,218,14.256745,0,0,0,0,0
442,4,2,235,218,240,217,14.274325,0,0,0,0,0
443,4,2,240,217,246,216,14.289952,0,0,0,0,0
444,4,2,246,216,251,215,14.280186,0,0,0,0,0
445,4,2,251,215,254,215,14.281162,0,0,0,0,0
446,4,2,254,215,256,214,14.286045,0,0,0,0,0
447,4,2,256,214,258,213,14.282139,0,0,0,0,0
448,4,2,258,213,261,212,14.2938595,0,0,0,0,0
449,4,2,261,212,267,210,14.289952,0,0,0,0,0
450,4,2,267,210,272,208,14.280186,0,0,0,0,0
451,4,2,272,208,278,205,14.281162,0,0,0,0,0
452,4,2,278,205,281,205,14.281162,0,0,0,0,0
453,4,2,281,205,282,204,14.276279,0,0,0,0,0
454,4,2,282,204,284,203,14.271395,0,0,0,0,0
455,4,2,284,203,284,202,14.261629,0,0,0,0,0
456,4,2,284,202,283,203,14.355391,0,0,0,0,0
457,4,2,283,203,278,204,14.460872,0,0,0,0,0
458,4,2,278,204,271,209,14.79685,0,0,0,0,0
459,4,2,271,209,260,216,15.0,0,0,0,0,0
460,4,2,260,216,248,228,15.0,0,0,0,0,0
461,4,2,248,228,231,244,15.0,0,0,0,0,0
462,4,2,231,244,209,262,15.0,0,0,0,0,0
463,4,2,209,262,185,282,15.0,0,0,0,0,0
464,4,2,185,282,161,301,15.0,0,0,0,0,0
465,4,2,161,301,139,320,15.0,0,0,0,0,0
466,4,2,139,320,121,336,15.0,0,0,0,0,0
467,4,2,121,336,105,351,15.0,0,0,0,0,0
468,4,2,105,351,99,358,15.0,0,0,0,0,0
469,4,2,99,358,94,365,15.0,0,0,0,0,0
470,4,2,94,365,90,370,15.0,0,0,0,0,0
471,4,2,90,370,84,374,15.0,0,0,0,0,0
472,4,2,84,374,79,377,15.0,0,0,0,0,0
473,4,2,79,377,70,382,15.0,0,0,0,0,0
474,4,2,70,382,60,389,15.0,0,0,0,0,0
475,4,2,60,389,57,391,15.0,0,0,0,0,0
476,4,2,57,391,55,393,15.0,0,0,0,0,0
477,4,2,55,393,55,393,15.0,0,0,0,0,0
478,4,2,55,393,55,393,15.0,0,0,0,0,0
479,4,2,55,393,54,394,15.0,0,0,0,0,0
480,4,2,54,394,54,394,15.0,0,0,0,0,0
481,4,2,54,394,54,394,15.0,0,0,0,0,0
482,4,2,54,394,54,394,15.0,0,0,0,0,0
483,4,2,54,394,54,393,15.0,0,0,0,0,0
484,4,2,54,393,54,392,15.0,0,0,0,0,0
485,4,2,54,392,56,390,15.0,0,0,0,0,0
486,4,2,56,390,61,386,15.0,0,0,0,0,0
487,4,2,61,386,71,379,15.0,0,0,0,0,0
488,4,2,71,379,85,370,15.0,0,0,0,0,0
489,4,2,85,370,100,361,15.0,0,0,0,0,0
490,4,2,100,361,116,353,15.0,0,0,0,0,0
491,4,2,116,353,133,345,15.0,0,0,0,0,0
492,4,2,133,345,152,336,15.0,0,0,0,0,0
493,4,2,152,336,174,327,15.0,0,0,0,0,0
494,4,2,174,327,198,319,15.0,0,0,0,0,0
495,4,2,198,319,220,314,15.0,0,0,0,0,0
496,4,2,220,314,238,311,15.0,0,0,0,0,0
497,4,2,238,311,258,308,15.0,0,0,0,0,0
498,4,2,258,308,280,306,15.0,0,0,0,0,0
499,4,2,280,306,302,304,15.0,0,0,0,0,0
500,4,2,302,304,322,303,15.0,0,0,0,0,0
501,4,2,322,303,334,303,15.0,0,0,0,0,0
502,4,2,334,303,341,304,15.0,0,0,0,0,0
503,4,2,341,304,345,305,15.0,0,0,0,0,0
504,4,2,345,305,352,308,15.0,0,0,0,0,0
505,4,2,352,308,357,310,15.0,0,0,0,0,0
506,4,2,357,310,366,313,15.0,0,0,0,0,0
507,4,2,366,313,374,317,15.0,0,0,0,0,0
508,4,2,374,317,377,319,15.0,0,0,0,0,0
509,4,2,377,319,380,323,15.0,0,0,0,0,0
510,4,2,380,323,381,328,15.0,0,0,0,0,0
511,4,2,381,328,381,333,15.0,0,0,0,0,0
512,4,2,381,333,383,338,15.0,0,0,0,0,0
513,4,2,383,338,383,342,15.0,0,0,0,0,0
514,4,2,383,342,382,348,15.0,0,0,0,0,0
515,4,2,382,348,379,353,15.0,0,0,0,0,0
516,4,2,379,353,376,356,15.0,0,0,0,0,0
517,4,2,376,356,374,359,15.0,0,0,0,0,0
518,4,2,374,359,371,363,15.0,0,0,0,0,0
519,4,2,371,363,368,368,15.0,0,0,0,0,0
520,4,2,368,368,364,373,15.0,0,0,0,0,0
521,4,2,364,373,361,377,15.0,0,0,0,0,0
522,4,2,361,377,359,380,15.0,0,0,0,0,0
523,4,2,359,380,356,383,15.0,0,0,0,0,0
524,4,2,356,383,354,385,15.0,0,0,0,0,0
525,4,2,354,385,351,388,15.0,0,0,0,0,0
526,4,2,351,388,349,391,15.0,0,0,0,0,0
527,4,2,349,391,347,393,15.0,0,0,0,0,0
528,4,2,347,393,345,394,15.0,0,0,0,0,0
529,4,2,345,394,343,396,15.0,0,0,0,0,0
530,4,2,343,396,341,397,15.0,0,0,0,0,0
531,4,2,341,397,339,398,15.0,0,0,0,0,0
532,4,2,339,398,336,399,15.0,0,0,0,0,0
533,4,2,336,399,334,401,15.0,0,0,0,0,0
534,4,2,334,401,331,403,15.0,0,0,0,0,0
535,4,2,331,403,329,405,15.0,0,0,0,0,0
536,4,2,329,405,327,407,15.0,0,0,0,0,0
537,4,2,327,407,325,408,15.0,0,0,0,0,0
538,4,2,325,408,325,408,15.0,0,0,0,0,0
539,4,2,325,408,323,409,15.0,0,0,0,0,0
540,4,2,323,409,323,410,15.0,0,0,0,0,0
541,4,2,323,410,321,410,15.0,0,0,0,0,0
542,4,2,321,410,320,411,15.0,0,0,0,0,0
543,4,2,320,411,319,412,15.0,0,0,0,0,0
544,4,2,319,412,317,412,15.0,0,0,0,0,0
545,4,2,317,412,316,413,15.0,0,0,0,0,0
546,4,2,316,413,314,413,15.0,0,0,0,0,0
547,4,2,314,413,313,413,15.0,0,0,0,0,0
548,4,2,313,413,312,414,15.0,0,0,0,0,0
549,4,2,312,414,312,413,15.0,0,0,0,0,0
550,4,2,312,413,312,413,15.0,0,0,0,0,0
551,4,2,312,413,312,413,15.0,0,0,0,0,0
552,4,2,312,413,312,413,15.0,0,0,0,0,0
553,4,2,312,413,312,413,15.0,0,0,0,0,0
554,4,2,312,413,311,413,15.0,0,0,0,0,0
555,4,2,311,413,311,413,15.0,0,0,0,0,0
556,4,2,311,413,312,413,15.0,0,0,0,0,0
557,4,2,312,413,312,413,15.0,0,0,0,0,0
558,4,2,312,413,311,413,15.0,0,0,0,0,0
559,4,2,311,413,311,413,15.0,0,0,0,0,0
560,4,2,311,413,310,413,15.0,0,0,0,0,0
561,4,2,310,413,308,414,15.0,0,0,0,0,0
562,4,2,308,414,307,414,15.0,0,0,0,0,0
563,4,2,307,414,306,415,15.0,0,0,0,0,0
564,4,2,306,415,306,415,15.0,0,0,0,0,0
565,4,2,306,415,306,415,15.0,0,0,0,0,0
566,4,2,306,415,306,415,15.0,0,0,0,0,0
567,4,2,306,415,306,415,15.0,0,0,0,0,0
568,4,2,306,415,306,415,15.0,0,0,0,0,0
569,4,2,306,415,310,414,15.0,0,0,0,0,0
570,4,2,310,414,314,413,15.0,0,0,0,0,0
571,4,2,314,413,318,412,15.0,0,0,0,0,0
572,4,2,318,412,325,412,15.0,0,0,0,0,0
573,4,2,325,412,334,411,15.0,0,0,0,0,0
574,4,2,334,411,344,411,15.0,0,0,0,0,0
575,4,2,344,411,354,410,15.0,0,0,0,0,0
576,4,2,354,410,364,410,15.0,0,0,0,0,0
577,4,2,364,410,372,411,15.0,0,0,0,0,0
578,4,2,372,411,380,412,15.0,0,0,0,0,0
579,4,2,380,412,393,414,15.0,0,0,0,0,0
580,4,2,393,414,402,416,15.0,0,0,0,0,0
581,4,2,402,416,410,418,15.0,0,0,0,0,0
582,4,2,410,418,417,418,15.0,0,0,0,0,0
583,4,2,417,418,421,418,15.0,0,0,0,0,0
584,4,2,421,418,423,418,15.0,0,0,0,0,0
585,4,2,423,418,424,418,15.0,0,0,0,0,0
586,4,2,424,418,425,418,15.0,0,0,0,0,0
587,4,2,425,418,424,418,15.0,0,0,0,0,0
588,4,2,424,418,425,418,15.0,0,0,0,0,0
589,4,2,425,418,421,418,14.089733,0,0,0,0,0
590,4,2,421,418,412,418,10.906727,0,0,0,0,0
591,4,2,412,418,400,416,7.0,0,0,0,0,0
592,5,3,118,148,118,148,7.9874253,0,0,0,0,0
593,5,3,118,148,118,148,8.617385,0,0,0,0,0
594,5,3,118,148,118,147,8.94555,0,0,0,0,0
595,5,3,118,147,118,146,9.922232,0,0,0,0,0
596,5,3,118,146,118,144,10.937004,0,0,0,0,0
597,5,3,118,144,117,142,11.490783,0,0,0,0,0
598,5,3,117,142,116,141,12.300451,0,0,0,0,0
599,5,3,116,141,116,141,12.552435,0,0,0,0,0
600,5,3,116,141,117,142,13.209743,0,0,0,0,0
601,5,3,117,142,118,142,13.706873,0,0,0,0,0
602,5,3,118,142,120,141,13.856306,0,0,0,0,0
603,5,3,120,141,122,140,14.097546,0,0,0,0,0
604,5,3,122,140,125,137,14.102429,0,0,0,0,0
605,5,3,125,137,128,137,14.13759,0,0,0,0,0
606,5,3,128,137,133,135,14.147357,0,0,0,0,0
607,5,3,133,135,138,133,14.182518,0,0,0,0,0
608,5,3,138,133,145,131,14.230375,0,0,0,0,0
609,5,3,145,131,153,128,14.209865,0,0,0,0,0
610,5,3,153,128,157,127,14.198145,0,0,0,0,0
611,5,3,157,127,165,124,14.249908,0,0,0,0,0
612,5,3,165,124,172,122,14.260653,0,0,0,0,0
613,5,3,172,122,176,121,14.245026,0,0,0,0,0
614,5,3,176,121,181,120,14.223537,0,0,0,0,0
615,5,3,181,120,185,118,14.2167015,0,0,0,0,0
616,5,3,185,118,192,116,14.245026,0,0,0,0,0
617,5,3,192,116,198,115,14.219631,0,0,0,0,0
618,5,3,198,115,201,114,14.205957,0,0,0,0,0
619,5,3,201,114,205,113,14.194238,0,0,0,0,0
620,5,3,205,113,210,112,14.206934,0,0,0,0,0
621,5,3,210,112,215,110,14.210841,0,0,0,0,0
622,5,3,215,110,219,108,14.042852,0,0,0,0,0
623,5,3,219,108,219,108,13.108168,0,0,0,0,0
624,5,3,219,108,217,107,8.992431,0,0,0,0,0
625,5,3,217,107,210,107,7.0,0,0,0,0,0
626,5,4,177,56,179,57,8.257966,0,0,0,0,0
627,5,4,179,57,180,56,8.765841,0,0,0,0,0
628,5,4,180,56,181,55,9.269808,0,0,0,0,0
629,5,4,181,55,181,53,9.566719,0,0,0,0,0
630,5,4,181,53,181,52,9.995483,0,0,0,0,0
631,5,4,181,52,181,51,10.143938,0,0,0,0,0
632,5,4,181,51,182,51,10.198633,0,0,0,0,0
633,5,4,182,51,183,51,10.22598,0,0,0,0,0
634,5,4,183,51,184,52,10.291417,0,0,0,0,0
635,5,4,184,52,186,55,10.46722,0,0,0,0,0
636,5,4,186,55,186,58,10.558052,0,0,0,0,0
637,5,4,186,58,187,64,10.849103,0,0,0,0,0
638,5,4,187,64,188,70,11.051275,0,0,0,0,0
639,5,4,188,70,188,77,11.343304,0,0,0,0,0
640,5,4,188,77,188,86,11.656818,0,0,0,0,0
641,5,4,188,86,188,93,11.973263,0,0,0,0,0
642,5,4,188,93,187,103,12.215481,0,0,0,0,0
643,5,4,187,103,184,117,12.571969,0,0,0,0,0
644,5,4,184,117,182,125,12.698938,0,0,0,0,0
645,5,4,182,125,181,136,13.123795,0,0,0,0,0
646,5,4,181,136,181,147,13.733244,0,0,0,0,0
647,5,4,181,147,181,153,14.10829,0,0,0,0,0
648,5,4,181,153,180,163,14.56147,0,0,0,0,0
649,5,4,180,163,177,174,14.847637,0,0,0,0,0
650,5,4,177,174,174,184,15.0,0,0,0,0,0
651,5,4,174,184,172,194,15.0,0,0,0,0,0
652,5,4,172,194,171,204,15.0,0,0,0,0,0
653,5,4,171,204,171,216,15.0,0,0,0,0,0
654,5,4,171,216,170,224,15.0,0,0,0,0,0
655,5,4,170,224,170,234,15.0,0,0,0,0,0
656,5,4,170,234,169,244,15.0,0,0,0,0,0
657,5,4,169,244,167,254,15.0,0,0,0,0,0
658,5,4,167,254,164,265,15.0,0,0,0,0,0
659,5,4,164,265,160,279,15.0,0,0,0,0,0
660,5,4,160,279,158,288,15.0,0,0,0,0,0
661,5,4,158,288,157,295,15.0,0,0,0,0,0
662,5,4,157,295,155,304,15.0,0,0,0,0,0
663,5,4,155,304,154,311,15.0,0,0,0,0,0
664,5,4,154,311,151,318,15.0,0,0,0,0,0
665,5,4,151,318,149,325,15.0,0,0,0,0,0
666,5,4,149,325,148,335,15.0,0,0,0,0,0
667,5,4,148,335,149,342,15.0,0,0,0,0,0
668,5,4,149,342,148,352,15.0,0,0,0,0,0
669,5,4,148,352,147,361,15.0,0,0,0,0,0
670,5,4,147,361,145,368,15.0,0,0,0,0,0
671,5,4,145,368,144,375,15.0,0,0,0,0,0
672,5,4,144,375,143,381,15.0,0,0,0,0,0
673,5,4,143,381,142,388,15.0,0,0,0,0,0
674,5,4,142,388,141,393,15.0,0,0,0,0,0
675,5,4,141,393,138,397,15.0,0,0,0,0,0
676,5,4,138,397,134,403,15.0,0,0,0,0,0
677,5,4,134,403,131,409,15.0,0,0,0,0,0
678,5,4,131,409,129,412,15.0,0,0,0,0,0
679,5,4,129,412,128,414,15.0,0,0,0,0,0
680,5,4,128,414,128,416,15.0,0,0,0,0,0
681,5,4,128,416,128,416,15.0,0,0,0,0,0
682,5,4,128,416,127,415,15.0,0,0,0,0,0
683,5,4,127,415,125,412,8.665242,0,0,0,0,0
684,5,4,125,412,117,403,7.1865463,0,0,0,0,0
685,5,5,127,418,127,418,7.8702235,0,0,0,0,0
686,5,5,127,418,128,418,8.039189,0,0,0,0,0
687,5,5,128,418,128,417,8.174948,0,0,0,0,0
688,5,5,128,417,129,417,8.253082,0,0,0,0,0
689,5,5,129,417,129,416,8.323403,0,0,0,0,0
690,5,5,129,416,129,416,8.411305,0,0,0,0,0
691,5,5,129,416,129,415,8.48944,0,0,0,0,0
692,5,5,129,415,129,414,8.607618,0,0,0,0,0
693,5,5,129,414,129,414,8.706263,0,0,0,0,0
694,5,5,129,414,129,414,8.76877,0,0,0,0,0
695,5,5,129,414,129,414,8.874252,0,0,0,0,0
696,5,5,129,414,129,415,8.984617,0,0,0,0,0
697,5,5,129,415,129,415,9.303016,0,0,0,0,0
698,5,5,129,415,129,415,9.650714,0,0,0,0,0
699,5,5,129,415,128,416,9.741546,0,0,0,0,0
700,5,5,128,416,128,416,9.845074,0,0,0,0,0
701,5,5,128,416,126,417,9.864608,0,0,0,0,0
702,5,5,126,417,124,418,9.925161,0,0,0,0,0
703,5,5,124,418,121,418,10.0394335,0,0,0,0,0
704,5,5,121,418,118,420,10.107801,0,0,0,0,0
705,5,5,118,420,115,422,10.220119,0,0,0,0,0
706,5,5,115,422,112,423,10.2376995,0,0,0,0,0
707,5,5,112,423,109,423,10.372482,0,0,0,0,0
708,5,5,109,423,106,424,10.581491,0,0,0,0,0
709,5,5,106,424,104,425,10.68502,0,0,0,0,0
710,5,5,104,425,102,425,10.758271,0,0,0,0,0
711,5,5,102,425,100,425,10.771945,0,0,0,0,0
712,5,5,100,425,98,426,10.7973385,0,0,0,0,0
713,5,5,98,426,96,424,10.921377,0,0,0,0,0
714,5,5,96,424,95,423,10.984861,0,0,0,0,0
715,5,5,95,423,94,421,11.154804,0,0,0,0,0
716,5,5,94,421,93,418,11.222195,0,0,0,0,0
717,5,5,93,418,92,416,11.264193,0,0,0,0,0
718,5,5,92,416,89,413,11.33256,0,0,0,0,0
719,5,5,89,413,87,411,11.389208,0,0,0,0,0
720,5,5,87,411,85,407,11.596264,0,0,0,0,0
721,5,5,85,407,83,403,11.78574,0,0,0,0,0
722,5,5,83,403,81,399,11.894152,0,0,0,0,0
723,5,5,81,399,81,395,12.1412525,0,0,0,0,0
724,5,5,81,395,80,390,12.235991,0,0,0,0,0
725,5,5,80,390,81,386,12.359053,0,0,0,0,0
726,5,5,81,386,83,381,12.801489,0,0,0,0,0
727,5,5,83,381,85,374,12.969479,0,0,0,0,0
728,5,5,85,374,86,370,13.386522,0,0,0,0,0
729,5,5,86,370,87,364,13.657063,0,0,0,0,0
730,5,5,87,364,88,357,13.97253,0,0,0,0,0
731,5,5,88,357,89,353,14.304603,0,0,0,0,0
732,5,5,89,353,90,349,14.395433,0,0,0,0,0
733,5,5,90,349,92,343,14.473568,0,0,0,0,0
734,5,5,92,343,93,340,14.738249,0,0,0,0,0
735,5,5,93,340,96,332,14.890612,0,0,0,0,0
736,5,5,96,332,98,328,15.0,0,0,0,0,0
737,5,5,98,328,99,324,15.0,0,0,0,0,0
738,5,5,99,324,101,320,15.0,0,0,0,0,0
739,5,5,101,320,104,316,15.0,0,0,0,0,0
740,5,5,104,316,107,314,15.0,0,0,0,0,0
741,5,5,107,314,110,311,15.0,0,0,0,0,0
742,5,5,110,311,112,309,15.0,0,0,0,0,0
743,5,5,112,309,116,307,15.0,0,0,0,0,0
744,5,5,116,307,119,306,15.0,0,0,0,0,0
745,5,5,119,306,122,303,15.0,0,0,0,0,0
746,5,5,122,303,126,301,15.0,0,0,0,0,0
747,5,5,126,301,129,301,15.0,0,0,0,0,0
748,5,5,129,301,131,300,15.0,0,0,0,0,0
749,5,5,131,300,134,299,15.0,0,0,0,0,0
750,5,5,134,299,138,298,15.0,0,0,0,0,0
751,5,5,138,298,141,297,15.0,0,0,0,0,0
752,5,5,141,297,143,297,15.0,0,0,0,0,0
753,5,5,143,297,147,297,15.0,0,0,0,0,0
754,5,5,147,297,149,297,15.0,0,0,0,0,0
755,5,5,149,297,151,296,15.0,0,0,0,0,0
756,5,5,151,296,154,296,15.0,0,0,0,0,0
757,5,5,154,296,156,296,15.0,0,0,0,0,0
758,5,5,156,296,157,295,15.0,0,0,0,0,0
759,5,5,157,295,160,295,15.0,0,0,0,0,0
760,5,5,160,295,161,294,15.0,0,0,0,0,0
761,5,5,161,294,163,295,15.0,0,0,0,0,0
762,5,5,163,295,164,294,15.0,0,0,0,0,0
763,5,5,164,294,166,294,15.0,0,0,0,0,0
764,5,5,166,294,167,294,15.0,0,0,0,0,0
765,5,5,167,294,169,294,15.0,0,0,0,0,0
766,5,5,169,294,170,294,15.0,0,0,0,0,0
767,5,5,170,294,172,295,15.0,0,0,0,0,0
768,5,5,172,295,173,295,15.0,0,0,0,0,0
769,5,5,173,295,175,295,15.0,0,0,0,0,0
770,5,5,175,295,176,294,15.0,0,0,0,0,0
771,5,5,176,294,177,294,15.0,0,0,0,0,0
772,5,5,177,294,178,293,15.0,0,0,0,0,0
773,5,5,178,293,179,293,15.0,0,0,0,0,0
774,5,5,179,293,180,293,15.0,0,0,0,0,0
775,5,5,180,293,182,292,15.0,0,0,0,0,0
776,5,5,182,292,184,292,15.0,0,0,0,0,0
777,5,5,184,292,185,292,15.0,0,0,0,0,0
778,5,5,185,292,188,292,15.0,0,0,0,0,0
779,5,5,188,292,190,292,15.0,0,0,0,0,0
780,5,5,190,292,190,292,15.0,0,0,0,0,0
781,5,5,190,292,192,292,15.0,0,0,0,0,0
782,5,5,192,292,194,292,15.0,0,0,0,0,0
783,5,5,194,292,195,292,15.0,0,0,0,0,0
784,5,5,195,292,196,292,15.0,0,0,0,0,0
785,5,5,196,292,199,292,15.0,0,0,0,0,0
786,5,5,199,292,201,293,15.0,0,0,0,0,0
787,5,5,201,293,204,293,15.0,0,0,0,0,0
788,5,5,204,293,206,294,15.0,0,0,0,0,0
789,5,5,206,294,208,295,15.0,0,0,0,0,0
790,5,5,208,295,209,295,15.0,0,0,0,0,0
791,5,5,209,295,211,295,15.0,0,0,0,0,0
792,5,5,211,295,213,295,15.0,0,0,0,0,0
793,5,5,213,295,216,295,15.0,0,0,0,0,0
794,5,5,216,295,218,296,15.0,0,0,0,0,0
795,5,5,218,296,220,296,15.0,0,0,0,0,0
796,5,5,220,296,223,296,15.0,0,0,0,0,0
797,5,5,223,296,226,296,15.0,0,0,0,0,0
798,5,5,226,296,229,296,15.0,0,0,0,0,0
799,5,5,229,296,230,296,15.0,0,0,0,0,0
800,5,5,230,296,232,297,15.0,0,0,0,0,0
801,5,5,232,297,233,297,15.0,0,0,0,0,0
802,5,5,233,297,234,297,15.0,0,0,0,0,0
803,5,5,234,297,235,298,15.0,0,0,0,0,0
804,5,5,235,298,236,298,15.0,0,0,0,0,0
805,5,5,236,298,240,298,15.0,0,0,0,0,0
806,5,5,240,298,243,299,15.0,0,0,0,0,0
807,5,5,243,299,246,300,15.0,0,0,0,0,0
808,5,5,246,300,248,300,15.0,0,0,0,0,0
809,5,5,248,300,249,300,15.0,0,0,0,0,0
810,5,5,249,300,251,300,15.0,0,0,0,0,0
811,5,5,251,300,254,301,15.0,0,0,0,0,0
812,5,5,254,301,258,302,15.0,0,0,0,0,0
813,5,5,258,302,261,302,15.0,0,0,0,0,0
814,5,5,261,302,264,302,15.0,0,0,0,0,0
815,5,5,264,302,267,303,15.0,0,0,0,0,0
816,5,5,267,303,271,303,15.0,0,0,0,0,0
817,5,5,271,303,274,303,15.0,0,0,0,0,0
818,5,5,274,303,277,303,15.0,0,0,0,0,0
819,5,5,277,303,280,304,15.0,0,0,0,0,0
820,5,5,280,304,285,305,15.0,0,0,0,0,0
821,5,5,285,305,289,306,15.0,0,0,0,0,0
822,5,5,289,306,292,307,15.0,0,0,0,0,0
823,5,5,292,307,295,308,15.0,0,0,0,0,0
824,5,5,295,308,300,309,15.0,0,0,0,0,0
825,5,5,300,309,303,311,15.0,0,0,0,0,0
826,5,5,303,311,305,313,15.0,0,0,0,0,0
827,5,5,305,313,307,314,15.0,0,0,0,0,0
828,5,5,307,314,308,315,15.0,0,0,0,0,0
829,5,5,308,315,309,317,15.0,0,0,0,0,0
830,5,5,309,317,310,319,15.0,0,0,0,0,0
831,5,5,310,319,311,321,15.0,0,0,0,0,0
832,5,5,311,321,312,323,15.0,0,0,0,0,0
833,5,5,312,323,313,324,15.0,0,0,0,0,0
834,5,5,313,324,315,325,15.0,0,0,0,0,0
835,5,5,315,325,315,327,15.0,0,0,0,0,0
836,5,5,315,327,314,330,15.0,0,0,0,0,0
837,5,5,314,330,313,333,15.0,0,0,0,0,0
838,5,5,313,333,314,336,15.0,0,0,0,0,0
839,5,5,314,336,314,341,15.0,0,0,0,0,0
840,5,5,314,341,315,344,15.0,0,0,0,0,0
841,5,5,315,344,315,348,15.0,0,0,0,0,0
842,5,5,315,348,315,351,15.0,0,0,0,0,0
843,5,5,315,351,313,355,15.0,0,0,0,0,0
844,5,5,313,355,312,361,15.0,0,0,0,0,0
845,5,5,312,361,312,366,15.0,0,0,0,0,0
846,5,5,312,366,311,369,15.0,0,0,0,0,0
847,5,5,311,369,309,374,15.0,0,0,0,0,0
848,5,5,309,374,308,379,15.0,0,0,0,0,0
849,5,5,308,379,308,384,15.0,0,0,0,0,0
850,5,5,308,384,308,387,15.0,0,0,0,0,0
851,5,5,308,387,307,391,15.0,0,0,0,0,0
852,5,5,307,391,305,394,15.0,0,0,0,0,0
853,5,5,305,394,303,398,15.0,0,0,0,0,0
854,5,5,303,398,299,404,15.0,0,0,0,0,0
855,5,5,299,404,295,408,15.0,0,0,0,0,0
856,5,5,295,408,291,411,15.0,0,0,0,0,0
857,5,5,291,411,286,414,15.0,0,0,0,0,0
858,5,5,286,414,281,417,15.0,0,0,0,0,0
859,5,5,281,417,276,419,15.0,0,0,0,0,0
860,5,5,276,419,272,422,15.0,0,0,0,0,0
861,5,5,272,422,267,425,15.0,0,0,0,0,0
862,5,5,267,425,261,427,15.0,0,0,0,0,0
863,5,5,261,427,257,428,15.0,0,0,0,0,0
864,5,5,257,428,254,428,15.0,0,0,0,0,0
865,5,5,254,428,252,428,15.0,0,0,0,0,0
866,5,5,252,428,250,426,13.875839,0,0,0,0,0
867,5,5,250,426,247,423,9.750336,0,0,0,0,0
868,5,5,247,423,245,420,8.1183,0,0,0,0,0
869,5,5,245,420,243,416,7.0,0,0,0,0,0
870,5,6,322,177,322,178,8.796118,0,0,0,0,0
871,5,6,322,178,321,179,9.903675,0,0,0,0,0
872,5,6,321,179,321,179,10.276768,0,0,0,0,0
873,5,6,321,179,321,180,10.794409,0,0,0,0,0
874,5,6,321,180,322,181,12.014284,0,0,0,0,0
875,5,6,322,181,326,184,12.9587345,0,0,0,0,0
876,5,6,326,184,330,186,14.223537,0,0,0,0,0
877,5,6,330,186,335,190,14.947259,0,0,0,0,0
878,5,6,335,190,341,194,15.0,0,0,0,0,0
879,5,6,341,194,349,198,15.0,0,0,0,0,0
880,5,6,349,198,357,203,15.0,0,0,0,0,0
881,5,6,357,203,366,208,15.0,0,0,0,0,0
882,5,6,366,208,373,213,15.0,0,0,0,0,0
883,5,6,373,213,377,216,15.0,0,0,0,0,0
884,5,6,377,216,384,221,15.0,0,0,0,0,0
885,5,6,384,221,389,225,15.0,0,0,0,0,0
886,5,6,389,225,393,226,15.0,0,0,0,0,0
887,5,6,393,226,396,227,15.0,0,0,0,0,0
888,5,6,396,227,398,227,15.0,0,0,0,0,0
889,5,6,398,227,398,227,15.0,0,0,0,0,0
890,5,6,398,227,399,227,15.0,0,0,0,0,0
891,5,6,399,227,398,227,13.89928,0,0,0,0,0
892,5,6,398,227,396,226,8.49823,0,0,0,0,0
893,5,6,396,226,390,224,7.0,0,0,0,0,0
894,6,1,85,215,87,216,8.980711,0,0,0,0,0
895,6,1,87,216,89,217,10.469173,0,0,0,0,0
896,6,1,89,217,90,218,11.418509,0,0,0,0,0
897,6,1,90,218,91,218,12.083628,0,0,0,0,0
898,6,1,91,218,93,217,13.431449,0,0,0,0,0
899,6,1,93,217,96,216,14.377853,0,0,0,0,0
900,6,1,96,216,99,213,15.0,0,0,0,0,0
901,6,1,99,213,104,210,15.0,0,0,0,0,0
902,6,1,104,210,110,208,15.0,0,0,0,0,0
903,6,1,110,208,121,205,15.0,0,0,0,0,0
904,6,1,121,205,135,201,15.0,0,0,0,0,0
905,6,1,135,201,150,197,15.0,0,0,0,0,0
906,6,1,150,197,163,194,15.0,0,0,0,0,0
907,6,1,163,194,175,191,15.0,0,0,0,0,0
908,6,1,175,191,187,188,15.0,0,0,0,0,0
909,6,1,187,188,202,186,15.0,0,0,0,0,0
910,6,1,202,186,212,185,15.0,0,0,0,0,0
911,6,1,212,185,223,183,15.0,0,0,0,0,0
912,6,1,223,183,233,181,15.0,0,0,0,0,0
913,6,1,233,181,240,180,15.0,0,0,0,0,0
914,6,1,240,180,246,180,15.0,0,0,0,0,0
915,6,1,246,180,252,181,15.0,0,0,0,0,0
916,6,1,252,181,261,181,15.0,0,0,0,0,0
917,6,1,261,181,269,181,15.0,0,0,0,0,0
918,6,1,269,181,273,181,15.0,0,0,0,0,0
919,6,1,273,181,278,181,15.0,0,0,0,0,0
920,6,1,278,181,281,181,15.0,0,0,0,0,0
921,6,1,281,181,282,182,15.0,0,0,0,0,0
922,6,1,282,182,284,183,15.0,0,0,0,0,0
923,6,1,284,183,287,184,15.0,0,0,0,0,0
924,6,1,287,184,291,185,15.0,0,0,0,0,0
925,6,1,291,185,295,186,15.0,0,0,0,0,0
926,6,1,295,186,298,187,15.0,0,0,0,0,0
927,6,1,298,187,299,187,15.0,0,0,0,0,0
928,6,1,299,187,299,188,15.0,0,0,0,0,0
929,6,1,299,188,299,188,15.0,0,0,0,0,0
930,6,1,299,188,301,189,15.0,0,0,0,0,0
931,6,1,301,189,302,191,15.0,0,0,0,0,0
932,6,1,302,191,304,191,15.0,0,0,0,0,0
933,6,1,304,191,305,192,15.0,0,0,0,0,0
934,6,1,305,192,307,193,15.0,0,0,0,0,0
935,6,1,307,193,308,195,15.0,0,0,0,0,0
936,6,1,308,195,309,197,15.0,0,0,0,0,0
937,6,1,309,197,310,198,15.0,0,0,0,0,0
938,6,1,310,198,311,200,15.0,0,0,0,0,0
939,6,1,311,200,311,203,15.0,0,0,0,0,0
940,6,1,311,203,311,206,15.0,0,0,0,0,0
941,6,1,311,206,310,210,15.0,0,0,0,0,0
942,6,1,310,210,310,213,15.0,0,0,0,0,0
943,6,1,310,213,308,218,15.0,0,0,0,0,0
944,6,1,308,218,308,221,15.0,0,0,0,0,0
945,6,1,308,221,307,226,15.0,0,0,0,0,0
946,6,1,307,226,305,233,15.0,0,0,0,0,0
947,6,1,305,233,302,238,15.0,0,0,0,0,0
948,6,1,302,238,300,242,15.0,0,0,0,0,0
949,6,1,300,242,299,248,15.0,0,0,0,0,0
950,6,1,299,248,297,253,15.0,0,0,0,0,0
951,6,1,297,253,295,259,15.0,0,0,0,0,0
952,6,1,295,259,292,267,15.0,0,0,0,0,0
953,6,1,292,267,287,276,15.0,0,0,0,0,0
954,6,1,287,276,285,281,15.0,0,0,0,0,0
955,6,1,285,281,284,286,15.0,0,0,0,0,0
956,6,1,284,286,282,289,15.0,0,0,0,0,0
957,6,1,282,289,280,294,15.0,0,0,0,0,0
958,6,1,280,294,277,300,15.0,0,0,0,0,0
959,6,1,277,300,274,306,15.0,0,0,0,0,0
960,6,1,274,306,271,312,15.0,0,0,0,0,0
961,6,1,271,312,270,316,15.0,0,0,0,0,0
962,6,1,270,316,268,319,15.0,0,0,0,0,0
963,6,1,268,319,267,322,15.0,0,0,0,0,0
964,6,1,267,322,266,324,15.0,0,0,0,0,0
965,6,1,266,324,264,328,15.0,0,0,0,0,0
966,6,1,264,328,262,333,15.0,0,0,0,0,0
967,6,1,262,333,260,338,15.0,0,0,0,0,0
968,6,1,260,338,259,343,15.0,0,0,0,0,0
969,6,1,259,343,257,347,15.0,0,0,0,0,0
970,6,1,257,347,255,351,15.0,0,0,0,0,0
971,6,1,255,351,253,357,15.0,0,0,0,0,0
972,6,1,253,357,252,361,15.0,0,0,0,0,0
973,6,1,252,361,250,367,15.0,0,0,0,0,0
974,6,1,250,367,248,372,15.0,0,0,0,0,0
975,6,1,248,372,245,377,15.0,0,0,0,0,0
976,6,1,245,377,243,380,15.0,0,0,0,0,0
977,6,1,243,380,242,384,15.0,0,0,0,0,0
978,6,1,242,384,240,387,15.0,0,0,0,0,0
979,6,1,240,387,239,391,15.0,0,0,0,0,0
980,6,1,239,391,238,393,15.0,0,0,0,0,0
981,6,1,238,393,236,396,15.0,0,0,0,0,0
982,6,1,236,396,233,400,15.0,0,0,0,0,0
983,6,1,233,400,231,405,15.0,0,0,0,0,0
984,6,1,231,405,229,410,15.0,0,0,0,0,0
985,6,1,229,410,227,413,15.0,0,0,0,0,0
986,6,1,227,413,226,415,15.0,0,0,0,0,0
987,6,1,226,415,224,418,15.0,0,0,0,0,0
988,6,1,224,418,224,420,15.0,0,0,0,0,0
989,6,1,224,420,223,421,15.0,0,0,0,0,0
990,6,1,223,421,223,422,15.0,0,0,0,0,0
991,6,1,223,422,221,423,15.0,0,0,0,0,0
992,6,1,221,423,217,424,15.0,0,0,0,0,0
993,6,1,217,424,213,425,15.0,0,0,0,0,0
994,6,1,213,425,208,424,15.0,0,0,0,0,0
995,6,1,208,424,202,419,15.0,0,0,0,0,0
996,6,1,202,419,196,412,15.0,0,0,0,0,0
997,6,1,196,412,190,404,15.0,0,0,0,0,0
998,6,1,190,404,184,395,15.0,0,0,0,0,0
999,6,1,184,395,178,388,15.0,0,0,0,0,0
1000,6,1,178,388,175,384,15.0,0,0,0,0,0
1001,6,1,175,384,173,382,15.0,0,0,0,0,0
1002,6,1,173,382,170,380,12.533878,0,0,0,0,0
1003,6,1,170,380,162,379,8.654499,0,0,0,0,0
1004,6,1,162,379,153,377,7.0,0,0,0,0,0
1005,6,2,220,55,222,56,8.753143,0,0,0,0,0
1006,6,2,222,56,223,56,9.59016,0,0,0,0,0
1007,6,2,223,56,223,56,10.253326,0,0,0,0,0
1008,6,2,223,56,223,57,10.589306,0,0,0,0,0
1009,6,2,223,57,222,58,11.518129,0,0,0,0,0
1010,6,2,222,58,222,59,12.084605,0,0,0,0,0
1011,6,2,222,59,220,64,12.9587345,0,0,0,0,0
1012,6,2,220,64,218,72,13.695153,0,0,0,0,0
1013,6,2,218,72,216,82,13.942253,0,0,0,0,0
1014,6,2,216,82,214,93,14.528263,0,0,0,0,0
1015,6,2,214,93,212,102,14.874985,0,0,0,0,0
1016,6,2,212,102,209,114,15.0,0,0,0,0,0
1017,6,2,209,114,204,131,15.0,0,0,0,0,0
1018,6,2,204,131,202,142,15.0,0,0,0,0,0
1019,6,2,202,142,199,157,15.0,0,0,0,0,0
1020,6,2,199,157,197,173,15.0,0,0,0,0,0
1021,6,2,197,173,195,184,15.0,0,0,0,0,0
1022,6,2,195,184,192,193,15.0,0,0,0,0,0
1023,6,2,192,193,189,202,15.0,0,0,0,0,0
1024,6,2,189,202,186,212,15.0,0,0,0,0,0
1025,6,2,186,212,182,223,15.0,0,0,0,0,0
1026,6,2,182,223,177,235,15.0,0,0,0,0,0
1027,6,2,177,235,173,245,15.0,0,0,0,0,0
1028,6,2,173,245,169,254,15.0,0,0,0,0,0
1029,6,2,169,254,166,262,15.0,0,0,0,0,0
1030,6,2,166,262,163,270,15.0,0,0,0,0,0
1031,6,2,163,270,160,277,15.0,0,0,0,0,0
1032,6,2,160,277,156,284,15.0,0,0,0,0,0
1033,6,2,156,284,151,291,15.0,0,0,0,0,0
1034,6,2,151,291,146,298,15.0,0,0,0,0,0
1035,6,2,146,298,142,304,15.0,0,0,0,0,0
1036,6,2,142,304,139,309,15.0,0,0,0,0,0
1037,6,2,139,309,135,315,15.0,0,0,0,0,0
1038,6,2,135,315,132,320,15.0,0,0,0,0,0
1039,6,2,132,320,128,325,15.0,0,0,0,0,0
1040,6,2,128,325,124,329,15.0,0,0,0,0,0
1041,6,2,124,329,121,335,15.0,0,0,0,0,0
1042,6,2,121,335,115,342,15.0,0,0,0,0,0
1043,6,2,115,342,111,348,15.0,0,0,0,0,0
1044,6,2,111,348,107,355,15.0,0,0,0,0,0
1045,6,2,107,355,103,362,15.0,0,0,0,0,0
1046,6,2,103,362,96,370,15.0,0,0,0,0,0
1047,6,2,96,370,92,376,15.0,0,0,0,0,0
1048,6,2,92,376,87,382,15.0,0,0,0,0,0
1049,6,2,87,382,85,386,15.0,0,0,0,0,0
1050,6,2,85,386,83,389,15.0,0,0,0,0,0
1051,6,2,83,389,80,393,15.0,0,0,0,0,0
1052,6,2,80,393,76,396,15.0,0,0,0,0,0
1053,6,2,76,396,72,400,15.0,0,0,0,0,0
1054,6,2,72,400,68,404,15.0,0,0,0,0,0
1055,6,2,68,404,64,408,15.0,0,0,0,0,0
1056,6,2,64,408,62,409,15.0,0,0,0,0,0
1057,6,2,62,409,61,410,15.0,0,0,0,0,0
1058,6,2,61,410,61,410,15.0,0,0,0,0,0
1059,6,2,61,410,60,410,15.0,0,0,0,0,0
1060,6,2,60,410,59,406,9.074472,0,0,0,0,0
1061,6,2,59,406,56,395,7.3144913,0,0,0,0,0
1062,6,3,324,114,325,115,8.233549,0,0,0,0,0
1063,6,3,325,115,326,115,9.713222,0,0,0,0,0
1064,6,3,326,115,328,114,10.513124,0,0,0,0,0
1065,6,3,328,114,330,113,11.429252,0,0,0,0,0
1066,6,3,330,113,332,113,12.39226,0,0,0,0,0
1067,6,3,332,113,332,113,13.168722,0,0,0,0,0
1068,6,3,332,113,333,114,14.333902,0,0,0,0,0
1069,6,3,333,114,334,118,15.0,0,0,0,0,0
1070,6,3,334,118,337,126,15.0,0,0,0,0,0
1071,6,3,337,126,339,131,15.0,0,0,0,0,0
1072,6,3,339,131,344,139,15.0,0,0,0,0,0
1073,6,3,344,139,349,147,15.0,0,0,0,0,0
1074,6,3,349,147,358,157,15.0,0,0,0,0,0
1075,6,3,358,157,363,162,15.0,0,0,0,0,0
1076,6,3,363,162,370,169,15.0,0,0,0,0,0
1077,6,3,370,169,375,176,15.0,0,0,0,0,0
1078,6,3,375,176,383,185,15.0,0,0,0,0,0
1079,6,3,383,185,389,192,15.0,0,0,0,0,0
1080,6,3,389,192,395,198,15.0,0,0,0,0,0
1081,6,3,395,198,401,204,15.0,0,0,0,0,0
1082,6,3,401,204,406,209,15.0,0,0,0,0,0
1083,6,3,406,209,413,215,15.0,0,0,0,0,0
1084,6,3,413,215,416,219,15.0,0,0,0,0,0
1085,6,3,416,219,418,222,15.0,0,0,0,0,0
1086,6,3,418,222,420,224,15.0,0,0,0,0,0
1087,6,3,420,224,422,225,15.0,0,0,0,0,0
1088,6,3,422,225,423,225,15.0,0,0,0,0,0
1089,6,3,423,225,422,225,15.0,0,0,0,0,0
1090,6,3,422,225,418,223,10.792456,0,0,0,0,0
1091,6,3,418,223,410,220,7.4092298,0,0,0,0,0
1092,7,1,102,192,103,193,9.009034,0,0,0,0,0
1093,7,1,103,193,104,195,10.72311,0,0,0,0,0
1094,7,1,104,195,106,195,12.688194,0,0,0,0,0
1095,7,1,106,195,109,194,13.471493,0,0,0,0,0
1096,7,1,109,194,114,193,15.0,0,0,0,0,0
1097,7,1,114,193,121,190,15.0,0,0,0,0,0
1098,7,1,121,190,132,187,15.0,0,0,0,0,0
1099,7,1,132,187,146,182,15.0,0,0,0,0,0
1100,7,1,146,182,164,174,15.0,0,0,0,0,0
1101,7,1,164,174,185,165,15.0,0,0,0,0,0
1102,7,1,185,165,206,155,15.0,0,0,0,0,0
1103,7,1,206,155,225,146,15.0,0,0,0,0,0
1104,7,1,225,146,242,138,15.0,0,0,0,0,0
1105,7,1,242,138,256,133,15.0,0,0,0,0,0
1106,7,1,256,133,266,131,15.0,0,0,0,0,0
1107,7,1,266,131,272,129,15.0,0,0,0,0,0
1108,7,1,272,129,274,127,15.0,0,0,0,0,0
1109,7,1,274,127,272,125,15.0,0,0,0,0,0
1110,7,1,272,125,265,124,9.371384,0,0,0,0,0
1111,7,1,265,124,255,121,7.1523623,0,0,0,0,0
1112,7,2,89,290,90,290,9.895862,0,0,0,0,0
1113,7,2,90,290,89,290,11.665608,0,0,0,0,0
1114,7,2,89,290,89,290,13.07789,0,0,0,0,0
1115,7,2,89,290,91,291,15.0,0,0,0,0,0
1116,7,2,91,291,95,292,15.0,0,0,0,0,0
1117,7,2,95,292,103,291,15.0,0,0,0,0,0
1118,7,2,103,291,114,288,15.0,0,0,0,0,0
1119,7,2,114,288,130,283,15.0,0,0,0,0,0
1120,7,2,130,283,149,278,15.0,0,0,0,0,0
1121,7,2,149,278,180,270,15.0,0,0,0,0,0
1122,7,2,180,270,209,262,15.0,0,0,0,0,0
1123,7,2,209,262,238,254,15.0,0,0,0,0,0
1124,7,2,238,254,268,245,15.0,0,0,0,0,0
1125,7,2,268,245,288,239,15.0,0,0,0,0,0
1126,7,2,288,239,311,233,15.0,0,0,0,0,0
1127,7,2,311,233,338,227,15.0,0,0,0,0,0
1128,7,2,338,227,362,220,15.0,0,0,0,0,0
1129,7,2,362,220,378,215,15.0,0,0,0,0,0
1130,7,2,378,215,385,211,15.0,0,0,0,0,0
1131,7,2,385,211,389,209,15.0,0,0,0,0,0
1132,7,2,389,209,390,208,15.0,0,0,0,0,0
1133,7,2,390,208,391,208,15.0,0,0,0,0,0
1134,7,2,391,208,389,207,15.0,0,0,0,0,0
1135,7,2,389,207,382,206,8.0763035,0,0,0,0,0
1136,7,2,382,206,370,205,7.0,0,0,0,0,0
1137,7,3,164,52,164,54,8.991454,0,0,0,0,0
1138,7,3,164,54,165,55,10.216213,0,0,0,0,0
1139,7,3,165,55,165,56,10.604933,0,0,0,0,0
1140,7,3,165,56,167,58,11.477109,0,0,0,0,0
1141,7,3,167,58,170,61,12.519228,0,0,0,0,0
1142,7,3,170,61,172,67,13.303504,0,0,0,0,0
1143,7,3,172,67,175,74,14.510683,0,0,0,0,0
1144,7,3,175,74,178,84,14.876938,0,0,0,0,0
1145,7,3,178,84,180,91,15.0,0,0,0,0,0
1146,7,3,180,91,183,105,15.0,0,0,0,0,0
1147,7,3,183,105,185,118,15.0,0,0,0,0,0
1148,7,3,185,118,186,133,15.0,0,0,0,0,0
1149,7,3,186,133,189,143,15.0,0,0,0,0,0
1150,7,3,189,143,193,155,15.0,0,0,0,0,0
1151,7,3,193,155,198,170,15.0,0,0,0,0,0
1152,7,3,198,170,201,178,15.0,0,0,0,0,0
1153,7,3,201,178,204,190,15.0,0,0,0,0,0
1154,7,3,204,190,209,199,15.0,0,0,0,0,0
1155,7,3,209,199,214,207,15.0,0,0,0,0,0
1156,7,3,214,207,220,216,15.0,0,0,0,0,0
1157,7,3,220,216,226,227,15.0,0,0,0,0,0
1158,7,3,226,227,229,233,15.0,0,0,0,0,0
1159,7,3,229,233,231,245,15.0,0,0,0,0,0
1160,7,3,231,245,235,253,15.0,0,0,0,0,0
1161,7,3,235,253,239,259,15.0,0,0,0,0,0
1162,7,3,239,259,245,268,15.0,0,0,0,0,0
1163,7,3,245,268,250,275,15.0,0,0,0,0,0
1164,7,3,250,275,255,282,15.0,0,0,0,0,0
1165,7,3,255,282,260,289,15.0,0,0,0,0,0
1166,7,3,260,289,264,295,15.0,0,0,0,0,0
1167,7,3,264,295,269,302,15.0,0,0,0,0,0
1168,7,3,269,302,273,310,15.0,0,0,0,0,0
1169,7,3,273,310,277,317,15.0,0,0,0,0,0
1170,7,3,277,317,282,327,15.0,0,0,0,0,0
1171,7,3,282,327,285,333,15.0,0,0,0,0,0
1172,7,3,285,333,289,343,15.0,0,0,0,0,0
1173,7,3,289,343,292,352,15.0,0,0,0,0,0
1174,7,3,292,352,296,360,15.0,0,0,0,0,0
1175,7,3,296,360,299,365,15.0,0,0,0,0,0
1176,7,3,299,365,304,371,15.0,0,0,0,0,0
1177,7,3,304,371,307,376,15.0,0,0,0,0,0
1178,7,3,307,376,310,380,15.0,0,0,0,0,0
1179,7,3,310,380,311,382,15.0,0,0,0,0,0
1180,7,3,311,382,314,387,15.0,0,0,0,0,0
1181,7,3,314,387,316,390,15.0,0,0,0,0,0
1182,7,3,316,390,320,395,15.0,0,0,0,0,0
1183,7,3,320,395,324,401,15.0,0,0,0,0,0
1184,7,3,324,401,327,406,15.0,0,0,0,0,0
1185,7,3,327,406,331,412,15.0,0,0,0,0,0
1186,7,3,331,412,332,414,15.0,0,0,0,0,0
1187,7,3,332,414,332,414,15.0,0,0,0,0,0
1188,7,3,332,414,330,413,15.0,0,0,0,0,0
1189,7,3,330,413,326,410,15.0,0,0,0,0,0
1190,7,3,326,410,317,405,15.0,0,0,0,0,0
1191,7,3,317,405,307,401,15.0,0,0,0,0,0
1192,7,3,307,401,295,396,15.0,0,0,0,0,0
1193,7,3,295,396,280,391,15.0,0,0,0,0,0
1194,7,3,280,391,263,385,15.0,0,0,0,0,0
1195,7,3,263,385,251,382,15.0,0,0,0,0,0
1196,7,3,251,382,243,379,15.0,0,0,0,0,0
1197,7,3,243,379,236,375,9.178,0,0,0,0,0
1198,7,3,236,375,231,369,7.0,0,0,0,0,0
1199,7,4,92,347,93,348,8.177878,0,0,0,0,0
1200,7,4,93,348,93,347,10.0833845,0,0,0,0,0
1201,7,4,93,347,93,346,11.296423,0,0,0,0,0
1202,7,4,93,346,93,348,12.903065,0,0,0,0,0
1203,7,4,93,348,95,352,13.848492,0,0,0,0,0
1204,7,4,95,352,97,356,14.937492,0,0,0,0,0
1205,7,4,97,356,100,360,15.0,0,0,0,0,0
1206,7,4,100,360,105,365,15.0,0,0,0,0,0
1207,7,4,105,365,111,371,15.0,0,0,0,0,0
1208,7,4,111,371,118,378,15.0,0,0,0,0,0
1209,7,4,118,378,127,387,15.0,0,0,0,0,0
1210,7,4,127,387,134,395,15.0,0,0,0,0,0
1211,7,4,134,395,141,401,15.0,0,0,0,0,0
1212,7,4,141,401,148,405,15.0,0,0,0,0,0
1213,7,4,148,405,157,409,15.0,0,0,0,0,0
1214,7,4,157,409,165,413,15.0,0,0,0,0,0
1215,7,4,165,413,171,416,15.0,0,0,0,0,0
1216,7,4,171,416,177,420,15.0,0,0,0,0,0
1217,7,4,177,420,181,423,15.0,0,0,0,0,0
1218,7,4,181,423,185,426,15.0,0,0,0,0,0
1219,7,4,185,426,189,427,15.0,0,0,0,0,0
1220,7,4,189,427,195,427,15.0,0,0,0,0,0
1221,7,4,195,427,200,426,15.0,0,0,0,0,0
1222,7,4,200,426,202,425,15.0,0,0,0,0,0
1223,7,4,202,425,199,424,10.541448,0,0,0,0,0
1224,7,4,199,424,190,423,7.276401,0,0,0,0,0
1225,8,1,312,89,314,87,7.8819437,0,0,0,0,0
1226,8,1,314,87,316,84,8.063606,0,0,0,0,0
1227,8,1,316,84,318,82,8.397632,0,0,0,0,0
1228,8,1,318,82,318,80,9.017824,0,0,0,0,0
1229,8,1,318,80,318,78,9.483702,0,0,0,0,0
1230,8,1,318,78,317,75,10.143938,0,0,0,0,0
1231,8,1,317,75,317,74,11.024905,0,0,0,0,0
1232,8,1,317,74,317,74,11.217312,0,0,0,0,0
1233,8,1,317,74,317,74,11.802343,0,0,0,0,0
1234,8,1,317,74,317,75,12.754608,0,0,0,0,0
1235,8,1,317,75,315,78,13.166769,0,0,0,0,0
1236,8,1,315,78,310,85,14.026249,0,0,0,0,0
1237,8,1,310,85,302,95,14.374924,0,0,0,0,0
1238,8,1,302,95,293,108,14.78806,0,0,0,0,0
1239,8,1,293,108,283,122,15.0,0,0,0,0,0
1240,8,1,283,122,273,138,15.0,0,0,0,0,0
1241,8,1,273,138,261,156,15.0,0,0,0,0,0
1242,8,1,261,156,252,170,15.0,0,0,0,0,0
1243,8,1,252,170,246,179,15.0,0,0,0,0,0
1244,8,1,246,179,235,191,15.0,0,0,0,0,0
1245,8,1,235,191,219,205,15.0,0,0,0,0,0
1246,8,1,219,205,209,212,15.0,0,0,0,0,0
1247,8,1,209,212,195,224,15.0,0,0,0,0,0
1248,8,1,195,224,186,232,15.0,0,0,0,0,0
1249,8,1,186,232,180,240,15.0,0,0,0,0,0
1250,8,1,180,240,176,244,15.0,0,0,0,0,0
1251,8,1,176,244,168,253,15.0,0,0,0,0,0
1252,8,1,168,253,160,261,15.0,0,0,0,0,0
1253,8,1,160,261,152,268,15.0,0,0,0,0,0
1254,8,1,152,268,147,272,15.0,0,0,0,0,0
1255,8,1,147,272,144,275,15.0,0,0,0,0,0
1256,8,1,144,275,143,276,15.0,0,0,0,0,0
1257,8,1,143,276,142,277,15.0,0,0,0,0,0
1258,8,1,142,277,142,278,15.0,0,0,0,0,0
1259,8,1,142,278,142,277,15.0,0,0,0,0,0
1260,8,1,142,277,142,277,15.0,0,0,0,0,0
1261,8,1,142,277,143,277,15.0,0,0,0,0,0
1262,8,1,143,277,145,277,15.0,0,0,0,0,0
1263,8,1,145,277,148,278,15.0,0,0,0,0,0
1264,8,1,148,278,153,279,15.0,0,0,0,0,0
1265,8,1,153,279,159,282,15.0,0,0,0,0,0
1266,8,1,159,282,166,286,15.0,0,0,0,0,0
1267,8,1,166,286,175,291,15.0,0,0,0,0,0
1268,8,1,175,291,185,297,15.0,0,0,0,0,0
1269,8,1,185,297,195,304,15.0,0,0,0,0,0
1270,8,1,195,304,204,313,15.0,0,0,0,0,0
1271,8,1,204,313,217,324,15.0,0,0,0,0,0
1272,8,1,217,324,226,330,15.0,0,0,0,0,0
1273,8,1,226,330,241,338,15.0,0,0,0,0,0
1274,8,1,241,338,257,348,15.0,0,0,0,0,0
1275,8,1,257,348,267,355,15.0,0,0,0,0,0
1276,8,1,267,355,273,362,15.0,0,0,0,0,0
1277,8,1,273,362,282,371,15.0,0,0,0,0,0
1278,8,1,282,371,292,377,15.0,0,0,0,0,0
1279,8,1,292,377,303,383,15.0,0,0,0,0,0
1280,8,1,303,383,312,388,15.0,0,0,0,0,0
1281,8,1,312,388,319,393,15.0,0,0,0,0,0
1282,8,1,319,393,325,398,15.0,0,0,0,0,0
1283,8,1,325,398,329,401,15.0,0,0,0,0,0
1284,8,1,329,401,331,402,15.0,0,0,0,0,0
1285,8,1,331,402,332,403,15.0,0,0,0,0,0
1286,8,1,332,403,334,404,15.0,0,0,0,0,0
1287,8,1,334,404,335,405,15.0,0,0,0,0,0
1288,8,1,335,405,337,406,15.0,0,0,0,0,0
1289,8,1,337,406,337,406,14.250885,0,0,0,0,0
1290,8,1,337,406,334,404,10.013063,0,0,0,0,0
1291,8,1,334,404,327,402,7.0,0,0,0,0,0
1292,9,1,140,134,141,136,8.643755,0,0,0,0,0
1293,9,1,141,136,142,136,9.322549,0,0,0,0,0
1294,9,1,142,136,142,136,9.680991,0,0,0,0,0
1295,9,1,142,136,142,135,9.942742,0,0,0,0,0
1296,9,1,142,135,142,134,9.955439,0,0,0,0,0
1297,9,1,142,134,142,132,9.78745,0,0,0,0,0
1298,9,1,142,132,142,130,9.586253,0,0,0,0,0
1299,9,1,142,130,142,127,9.541326,0,0,0,0,0
1300,9,1,142,127,143,124,9.651691,0,0,0,0,0
1301,9,1,143,124,144,122,9.728848,0,0,0,0,0
1302,9,1,144,122,144,121,9.943719,0,0,0,0,0
1303,9,1,144,121,145,120,10.143938,0,0,0,0,0
1304,9,1,145,120,145,120,10.207422,0,0,0,0,0
1305,9,1,145,120,145,121,10.589306,0,0,0,0,0
1306,9,1,145,121,146,122,11.015139,0,0,0,0,0
1307,9,1,146,122,146,124,11.474178,0,0,0,0,0
1308,9,1,146,124,145,129,12.1412525,0,0,0,0,0
1309,9,1,145,129,144,135,12.322916,0,0,0,0,0
1310,9,1,144,135,142,142,12.734098,0,0,0,0,0
1311,9,1,142,142,140,151,13.094494,0,0,0,0,0
1312,9,1,140,151,139,161,13.638506,0,0,0,0,0
1313,9,1,139,161,138,170,14.455011,0,0,0,0,0
1314,9,1,138,170,138,180,14.709926,0,0,0,0,0
1315,9,1,138,180,137,190,15.0,0,0,0,0,0
1316,9,1,137,190,136,198,15.0,0,0,0,0,0
1317,9,1,136,198,134,207,15.0,0,0,0,0,0
1318,9,1,134,207,132,216,15.0,0,0,0,0,0
1319,9,1,132,216,130,224,15.0,0,0,0,0,0
1320,9,1,130,224,128,232,15.0,0,0,0,0,0
1321,9,1,128,232,127,238,15.0,0,0,0,0,0
1322,9,1,127,238,127,244,15.0,0,0,0,0,0
1323,9,1,127,244,127,251,15.0,0,0,0,0,0
1324,9,1,127,251,126,259,15.0,0,0,0,0,0
1325,9,1,126,259,124,267,15.0,0,0,0,0,0
1326,9,1,124,267,121,276,15.0,0,0,0,0,0
1327,9,1,121,276,120,284,15.0,0,0,0,0,0
1328,9,1,120,284,119,292,15.0,0,0,0,0,0
1329,9,1,119,292,119,300,15.0,0,0,0,0,0
1330,9,1,119,300,118,305,15.0,0,0,0,0,0
1331,9,1,118,305,117,311,15.0,0,0,0,0,0
1332,9,1,117,311,116,317,15.0,0,0,0,0,0
1333,9,1,116,317,116,321,15.0,0,0,0,0,0
1334,9,1,116,321,116,327,15.0,0,0,0,0,0
1335,9,1,116,327,115,332,15.0,0,0,0,0,0
1336,9,1,115,332,112,340,15.0,0,0,0,0,0
1337,9,1,112,340,110,345,15.0,0,0,0,0,0
1338,9,1,110,345,109,349,15.0,0,0,0,0,0
1339,9,1,109,349,108,353,15.0,0,0,0,0,0
1340,9,1,108,353,107,357,15.0,0,0,0,0,0
1341,9,1,107,357,106,361,15.0,0,0,0,0,0
1342,9,1,106,361,105,365,15.0,0,0,0,0,0
1343,9,1,105,365,103,369,15.0,0,0,0,0,0
1344,9,1,103,369,102,373,15.0,0,0,0,0,0
1345,9,1,102,373,102,377,15.0,0,0,0,0,0
1346,9,1,102,377,102,381,15.0,0,0,0,0,0
1347,9,1,102,381,100,384,15.0,0,0,0,0,0
1348,9,1,100,384,99,386,15.0,0,0,0,0,0
1349,9,1,99,386,98,389,15.0,0,0,0,0,0
1350,9,1,98,389,97,391,15.0,0,0,0,0,0
1351,9,1,97,391,97,393,15.0,0,0,0,0,0
1352,9,1,97,393,98,394,15.0,0,0,0,0,0
1353,9,1,98,394,98,394,15.0,0,0,0,0,0
1354,9,1,98,394,99,394,15.0,0,0,0,0,0
1355,9,1,99,394,103,390,15.0,0,0,0,0,0
1356,9,1,103,390,110,385,15.0,0,0,0,0,0
1357,9,1,110,385,118,380,15.0,0,0,0,0,0
1358,9,1,118,380,125,377,15.0,0,0,0,0,0
1359,9,1,125,377,133,375,15.0,0,0,0,0,0
1360,9,1,133,375,141,373,15.0,0,0,0,0,0
1361,9,1,141,373,146,371,15.0,0,0,0,0,0
1362,9,1,146,371,148,368,11.854109,0,0,0,0,0
1363,9,1,148,368,146,366,7.0146503,0,0,0,0,0
1364,9,1,146,366,144,366,7.0,0,0,0,0,0
1365,9,2,227,189,227,192,9.651691,0,0,0,0,0
1366,9,2,227,192,227,192,10.949701,0,0,0,0,0
1367,9,2,227,192,227,193,11.727139,0,0,0,0,0
1368,9,2,227,193,231,193,13.0691,0,0,0,0,0
1369,9,2,231,193,239,190,13.653156,0,0,0,0,0
1370,9,2,239,190,248,188,15.0,0,0,0,0,0
1371,9,2,248,188,257,186,15.0,0,0,0,0,0
1372,9,2,257,186,269,184,15.0,0,0,0,0,0
1373,9,2,269,184,283,183,15.0,0,0,0,0,0
1374,9,2,283,183,305,180,15.0,0,0,0,0,0
1375,9,2,305,180,321,178,15.0,0,0,0,0,0
1376,9,2,321,178,346,175,15.0,0,0,0,0,0
1377,9,2,346,175,355,174,15.0,0,0,0,0,0
1378,9,2,355,174,365,175,15.0,0,0,0,0,0
1379,9,2,365,175,370,177,15.0,0,0,0,0,0
1380,9,2,370,177,375,178,15.0,0,0,0,0,0
1381,9,2,375,178,379,179,15.0,0,0,0,0,0
1382,9,2,379,179,382,179,12.105116,0,0,0,0,0
1383,9,2,382,179,375,175,7.5508485,0,0,0,0,0
1384,9,3,336,67,336,66,9.705408,0,0,0,0,0
1385,9,3,336,66,336,66,10.293371,0,0,0,0,0
1386,9,3,336,66,335,65,11.634355,0,0,0,0,0
1387,9,3,335,65,334,65,12.140276,0,0,0,0,0
1388,9,3,334,65,335,65,13.28397,0,0,0,0,0
1389,9,3,335,65,336,66,14.203028,0,0,0,0,0
1390,9,3,336,66,337,69,14.748993,0,0,0,0,0
1391,9,3,337,69,337,75,15.0,0,0,0,0,0
1392,9,3,337,75,336,85,15.0,0,0,0,0,0
1393,9,3,336,85,335,94,15.0,0,0,0,0,0
1394,9,3,335,94,334,112,15.0,0,0,0,0,0
1395,9,3,334,112,335,127,15.0,0,0,0,0,0
1396,9,3,335,127,335,143,15.0,0,0,0,0,0
1397,9,3,335,143,335,159,15.0,0,0,0,0,0
1398,9,3,335,159,333,180,15.0,0,0,0,0,0
1399,9,3,333,180,330,198,15.0,0,0,0,0,0
1400,9,3,330,198,327,214,15.0,0,0,0,0,0
1401,9,3,327,214,326,228,15.0,0,0,0,0,0
1402,9,3,326,228,326,241,15.0,0,0,0,0,0
1403,9,3,326,241,326,254,15.0,0,0,0,0,0
1404,9,3,326,254,326,270,15.0,0,0,0,0,0
1405,9,3,326,270,327,284,15.0,0,0,0,0,0
1406,9,3,327,284,325,300,15.0,0,0,0,0,0
1407,9,3,325,300,323,309,15.0,0,0,0,0,0
1408,9,3,323,309,318,322,15.0,0,0,0,0,0
1409,9,3,318,322,315,330,15.0,0,0,0,0,0
1410,9,3,315,330,312,338,15.0,0,0,0,0,0
1411,9,3,312,338,309,344,15.0,0,0,0,0,0
1412,9,3,309,344,307,351,15.0,0,0,0,0,0
1413,9,3,307,351,302,360,15.0,0,0,0,0,0
1414,9,3,302,360,297,368,15.0,0,0,0,0,0
1415,9,3,297,368,291,375,15.0,0,0,0,0,0
1416,9,3,291,375,285,384,15.0,0,0,0,0,0
1417,9,3,285,384,282,390,15.0,0,0,0,0,0
1418,9,3,282,390,279,395,15.0,0,0,0,0,0
1419,9,3,279,395,277,399,15.0,0,0,0,0,0
1420,9,3,277,399,274,403,15.0,0,0,0,0,0
1421,9,3,274,403,269,408,15.0,0,0,0,0,0
1422,9,3,269,408,265,412,15.0,0,0,0,0,0
1423,9,3,265,412,262,414,15.0,0,0,0,0,0
1424,9,3,262,414,261,415,15.0,0,0,0,0,0
1425,9,3,261,415,260,414,15.0,0,0,0,0,0
1426,9,3,260,414,256,412,9.648761,0,0,0,0,0
1427,9,3,256,412,249,407,7.058601,0,0,0,0,0
1428,10,1,105,169,104,169,8.461116,0,0,0,0,0
1429,10,1,104,169,102,168,9.550116,0,0,0,0,0
1430,10,1,102,168,101,167,10.201563,0,0,0,0,0
1431,10,1,101,167,100,167,10.717251,0,0,0,0,0
1432,10,1,100,167,100,167,12.106092,0,0,0,0,0
1433,10,1,100,167,100,166,13.644365,0,0,0,0,0
1434,10,1,100,166,99,165,14.690392,0,0,0,0,0
1435,10,1,99,165,99,164,15.0,0,0,0,0,0
1436,10,1,99,164,102,163,15.0,0,0,0,0,0
1437,10,1,102,163,106,162,15.0,0,0,0,0,0
1438,10,1,106,162,114,161,15.0,0,0,0,0,0
1439,10,1,114,161,122,160,15.0,0,0,0,0,0
1440,10,1,122,160,129,159,15.0,0,0,0,0,0
1441,10,1,129,159,138,159,15.0,0,0,0,0,0
1442,10,1,138,159,149,159,15.0,0,0,0,0,0
1443,10,1,149,159,163,159,15.0,0,0,0,0,0
1444,10,1,163,159,179,159,15.0,0,0,0,0,0
1445,10,1,179,159,195,160,15.0,0,0,0,0,0
1446,10,1,195,160,211,160,15.0,0,0,0,0,0
1447,10,1,211,160,225,160,15.0,0,0,0,0,0
1448,10,1,225,160,234,160,15.0,0,0,0,0,0
1449,10,1,234,160,243,160,15.0,0,0,0,0,0
1450,10,1,243,160,252,160,15.0,0,0,0,0,0
1451,10,1,252,160,263,161,15.0,0,0,0,0,0
1452,10,1,263,161,278,162,15.0,0,0,0,0,0
1453,10,1,278,162,294,162,15.0,0,0,0,0,0
1454,10,1,294,162,307,164,15.0,0,0,0,0,0
1455,10,1,307,164,316,165,15.0,0,0,0,0,0
1456,10,1,316,165,323,167,15.0,0,0,0,0,0
1457,10,1,323,167,331,169,15.0,0,0,0,0,0
1458,10,1,331,169,341,170,15.0,0,0,0,0,0
1459,10,1,341,170,353,172,15.0,0,0,0,0,0
1460,10,1,353,172,365,173,15.0,0,0,0,0,0
1461,10,1,365,173,374,175,15.0,0,0,0,0,0
1462,10,1,374,175,376,175,15.0,0,0,0,0,0
1463,10,1,376,175,380,177,15.0,0,0,0,0,0
1464,10,1,380,177,386,178,15.0,0,0,0,0,0
1465,10,1,386,178,393,180,15.0,0,0,0,0,0
1466,10,1,393,180,398,182,15.0,0,0,0,0,0
1467,10,1,398,182,400,183,15.0,0,0,0,0,0
1468,10,1,400,183,403,184,15.0,0,0,0,0,0
1469,10,1,403,184,404,184,15.0,0,0,0,0,0
1470,10,1,404,184,404,185,15.0,0,0,0,0,0
1471,10,1,404,185,400,188,15.0,0,0,0,0,0
1472,10,1,400,188,396,191,15.0,0,0,0,0,0
1473,10,1,396,191,390,196,15.0,0,0,0,0,0
1474,10,1,390,196,384,201,15.0,0,0,0,0,0
1475,10,1,384,201,379,205,15.0,0,0,0,0,0
1476,10,1,379,205,377,207,14.200098,0,0,0,0,0
1477,10,1,377,207,373,207,8.396655,0,0,0,0,0
1478,10,1,373,207,369,202,7.1240387,0,0,0,0,0
1479,10,2,90,307,91,308,9.158466,0,0,0,0,0
1480,10,2,91,308,93,308,9.764009,0,0,0,0,0
1481,10,2,93,308,94,309,11.219265,0,0,0,0,0
1482,10,2,94,309,96,309,12.465511,0,0,0,0,0
1483,10,2,96,309,98,310,12.865951,0,0,0,0,0
1484,10,2,98,310,101,311,13.5183735,0,0,0,0,0
1485,10,2,101,311,104,312,13.948114,0,0,0,0,0
1486,10,2,104,312,107,314,14.124893,0,0,0,0,0
1487,10,2,107,314,112,315,14.461848,0,0,0,0,0
1488,10,2,112,315,118,317,14.59663,0,0,0,0,0
1489,10,2,118,317,126,319,14.8534975,0,0,0,0,0
1490,10,2,126,319,136,320,15.0,0,0,0,0,0
1491,10,2,136,320,149,322,15.0,0,0,0,0,0
1492,10,2,149,322,162,323,15.0,0,0,0,0,0
1493,10,2,162,323,173,325,15.0,0,0,0,0,0
1494,10,2,173,325,183,327,15.0,0,0,0,0,0
1495,10,2,183,327,194,328,15.0,0,0,0,0,0
1496,10,2,194,328,207,329,15.0,0,0,0,0,0
1497,10,2,207,329,223,330,15.0,0,0,0,0,0
1498,10,2,223,330,239,330,15.0,0,0,0,0,0
1499,10,2,239,330,254,331,15.0,0,0,0,0,0
1500,10,2,254,331,266,332,15.0,0,0,0,0,0
1501,10,2,266,332,272,333,15.0,0,0,0,0,0
1502,10,2,272,333,281,334,15.0,0,0,0,0,0
1503,10,2,281,334,295,334,15.0,0,0,0,0,0
1504,10,2,295,334,303,334,15.0,0,0,0,0,0
1505,10,2,303,334,313,334,15.0,0,0,0,0,0
1506,10,2,313,334,324,335,15.0,0,0,0,0,0
1507,10,2,324,335,332,336,15.0,0,0,0,0,0
1508,10,2,332,336,339,337,15.0,0,0,0,0,0
1509,10,2,339,337,350,337,15.0,0,0,0,0,0
1510,10,2,350,337,362,337,15.0,0,0,0,0,0
1511,10,2,362,337,367,336,15.0,0,0,0,0,0
1512,10,2,367,336,369,336,15.0,0,0,0,0,0
1513,10,2,369,336,369,336,15.0,0,0,0,0,0
1514,10,2,369,336,371,335,15.0,0,0,0,0,0
1515,10,2,371,335,369,334,11.146013,0,0,0,0,0
1516,10,2,369,334,364,333,7.0390673,0,0,0,0,0
1517,10,2,364,333,359,333,7.0,0,0,0,0,0
